Timestamp,total_leak
2026-10-04 00:00,20.54
2026-10-04 00:05,20.55
2026-10-04 00:10,20.54
2026-10-04 00:15,20.58
2026-10-04 00:20,20.56
2026-10-04 00:25,20.58
2026-10-04 00:30,20.59
2026-10-04 00:35,20.57
2026-10-04 00:40,20.6
2026-10-04 00:45,20.59
2026-10-04 00:50,20.6
2026-10-04 00:55,20.61
2026-10-04 01:00,20.6
2026-10-04 01:05,20.64
2026-10-04 01:10,20.62
2026-10-04 01:15,20.64
2026-10-04 01:20,20.64
2026-10-04 01:25,20.64
2026-10-04 01:30,20.64
2026-10-04 01:35,20.66
2026-10-04 01:40,20.66
2026-10-04 01:45,20.66
2026-10-04 01:50,20.66
2026-10-04 01:55,20.66
2026-10-04 02:00,20.67
2026-10-04 02:05,20.67
2026-10-04 02:10,20.67
2026-10-04 02:15,20.7
2026-10-04 02:20,20.68
2026-10-04 02:25,20.71
2026-10-04 02:30,20.71
2026-10-04 02:35,20.71
2026-10-04 02:40,20.71
2026-10-04 02:45,20.71
2026-10-04 02:50,20.71
2026-10-04 02:55,20.71
2026-10-04 03:00,20.72
2026-10-04 03:05,20.72
2026-10-04 03:10,20.72
2026-10-04 03:15,20.72
2026-10-04 03:20,20.72
2026-10-04 03:25,20.72
2026-10-04 03:30,20.73
2026-10-04 03:35,20.73
2026-10-04 03:40,20.74
2026-10-04 03:45,20.74
2026-10-04 03:50,20.75
2026-10-04 03:55,20.74
2026-10-04 04:00,20.75
2026-10-04 04:05,20.75
2026-10-04 04:10,20.76
2026-10-04 04:15,20.75
2026-10-04 04:20,20.8
2026-10-04 04:25,20.8
2026-10-04 04:30,20.8
2026-10-04 04:35,20.8
2026-10-04 04:40,20.8
2026-10-04 04:45,20.8
2026-10-04 04:50,20.8
2026-10-04 04:55,20.81
2026-10-04 05:00,20.81
2026-10-04 05:05,20.8
2026-10-04 05:10,20.8
2026-10-04 05:15,20.8
2026-10-04 05:20,20.8
2026-10-04 05:25,20.79
2026-10-04 05:30,20.79
2026-10-04 05:35,20.77
2026-10-04 05:40,20.76
2026-10-04 05:45,20.76
2026-10-04 05:50,20.75
2026-10-04 05:55,20.74
2026-10-04 06:00,20.74
2026-10-04 06:05,20.74
2026-10-04 06:10,20.7
2026-10-04 06:15,20.71
2026-10-04 06:20,20.7
2026-10-04 06:25,20.69
2026-10-04 06:30,20.67
2026-10-04 06:35,20.67
2026-10-04 06:40,20.65
2026-10-04 06:45,20.66
2026-10-04 06:50,20.6
2026-10-04 06:55,20.63
2026-10-04 07:00,20.59
2026-10-04 07:05,20.59
2026-10-04 07:10,20.59
2026-10-04 07:15,20.59
2026-10-04 07:20,20.57
2026-10-04 07:25,20.57
2026-10-04 07:30,20.55
2026-10-04 07:35,20.55
2026-10-04 07:40,20.57
2026-10-04 07:45,20.54
2026-10-04 07:50,20.56
2026-10-04 07:55,20.57
2026-10-04 08:00,20.54
2026-10-04 08:05,20.51
2026-10-04 08:10,20.57
2026-10-04 08:15,20.56
2026-10-04 08:20,20.5
2026-10-04 08:25,20.51
2026-10-04 08:30,20.55
2026-10-04 08:35,20.52
2026-10-04 08:40,20.55
2026-10-04 08:45,20.52
2026-10-04 08:50,20.46
2026-10-04 08:55,20.46
2026-10-04 09:00,20.5
2026-10-04 09:05,20.5
2026-10-04 09:10,20.52
2026-10-04 09:15,20.52
2026-10-04 09:20,20.5
2026-10-04 09:25,20.5
2026-10-04 09:30,20.49
2026-10-04 09:35,20.48
2026-10-04 09:40,20.49
2026-10-04 09:45,20.49
2026-10-04 09:50,20.49
2026-10-04 09:55,20.46
2026-10-04 10:00,20.45
2026-10-04 10:05,20.47
2026-10-04 10:10,20.45
2026-10-04 10:15,20.45
2026-10-04 10:20,20.47
2026-10-04 10:25,20.4
2026-10-04 10:30,20.45
2026-10-04 10:35,20.45
2026-10-04 10:40,20.41
2026-10-04 10:45,20.43
2026-10-04 10:50,20.39
2026-10-04 10:55,20.45
2026-10-04 11:00,20.44
2026-10-04 11:05,20.4
2026-10-04 11:10,20.42
2026-10-04 11:15,20.41
2026-10-04 11:20,20.44
2026-10-04 11:25,20.42
2026-10-04 11:30,20.41
2026-10-04 11:35,20.42
2026-10-04 11:40,20.4
2026-10-04 11:45,20.41
2026-10-04 11:50,20.36
2026-10-04 11:55,20.34
2026-10-04 12:00,20.34
2026-10-04 12:05,20.3
2026-10-04 12:10,20.26
2026-10-04 12:15,20.29
2026-10-04 12:20,20.25
2026-10-04 12:25,20.33
2026-10-04 12:30,20.32
2026-10-04 12:35,20.3
2026-10-04 12:40,20.28
2026-10-04 12:45,20.34
2026-10-04 12:50,20.29
2026-10-04 12:55,20.28
2026-10-04 13:00,20.32
2026-10-04 13:05,20.34
2026-10-04 13:10,20.29
2026-10-04 13:15,20.32
2026-10-04 13:20,20.33
2026-10-04 13:25,20.34
2026-10-04 13:30,20.33
2026-10-04 13:35,20.3
2026-10-04 13:40,20.36
2026-10-04 13:45,20.33
2026-10-04 13:50,20.37
2026-10-04 13:55,20.36
2026-10-04 14:00,20.36
2026-10-04 14:05,20.37
2026-10-04 14:10,20.4
2026-10-04 14:15,20.37
2026-10-04 14:20,20.38
2026-10-04 14:25,20.31
2026-10-04 14:30,20.35
2026-10-04 14:35,20.36
2026-10-04 14:40,20.36
2026-10-04 14:45,20.4
2026-10-04 14:50,20.42
2026-10-04 14:55,20.34
2026-10-04 15:00,20.4
2026-10-04 15:05,20.41
2026-10-04 15:10,20.42
2026-10-04 15:15,20.42
2026-10-04 15:20,20.39
2026-10-04 15:25,20.42
2026-10-04 15:30,20.39
2026-10-04 15:35,20.43
2026-10-04 15:40,20.4
2026-10-04 15:45,20.46
2026-10-04 15:50,20.4
2026-10-04 15:55,20.42
2026-10-04 16:00,20.44
2026-10-04 16:05,20.41
2026-10-04 16:10,20.4
2026-10-04 16:15,20.45
2026-10-04 16:20,20.43
2026-10-04 16:25,20.45
2026-10-04 16:30,20.43
2026-10-04 16:35,20.42
2026-10-04 16:40,20.45
2026-10-04 16:45,20.45
2026-10-04 16:50,20.47
2026-10-04 16:55,20.44
2026-10-04 17:00,20.44
2026-10-04 17:05,20.44
2026-10-04 17:10,20.41
2026-10-04 17:15,20.42
2026-10-04 17:20,20.46
2026-10-04 17:25,20.47
2026-10-04 17:30,20.41
2026-10-04 17:35,20.46
2026-10-04 17:40,20.4
2026-10-04 17:45,20.42
2026-10-04 17:50,20.46
2026-10-04 17:55,20.43
2026-10-04 18:00,20.42
2026-10-04 18:05,20.37
2026-10-04 18:10,20.45
2026-10-04 18:15,20.39
2026-10-04 18:20,20.43
2026-10-04 18:25,20.43
2026-10-04 18:30,20.42
2026-10-04 18:35,20.44
2026-10-04 18:40,20.43
2026-10-04 18:45,20.44
2026-10-04 18:50,20.41
2026-10-04 18:55,20.41
2026-10-04 19:00,20.47
2026-10-04 19:05,20.4
2026-10-04 19:10,20.48
2026-10-04 19:15,20.42
2026-10-04 19:20,20.42
2026-10-04 19:25,20.45
2026-10-04 19:30,20.48
2026-10-04 19:35,20.45
2026-10-04 19:40,20.46
2026-10-04 19:45,20.43
2026-10-04 19:50,20.48
2026-10-04 19:55,20.45
2026-10-04 20:00,20.46
2026-10-04 20:05,20.45
2026-10-04 20:10,20.47
2026-10-04 20:15,20.43
2026-10-04 20:20,20.46
2026-10-04 20:25,20.53
2026-10-04 20:30,20.49
2026-10-04 20:35,20.47
2026-10-04 20:40,20.46
2026-10-04 20:45,20.47
2026-10-04 20:50,20.5
2026-10-04 20:55,20.5
2026-10-04 21:00,20.5
2026-10-04 21:05,20.51
2026-10-04 21:10,20.48
2026-10-04 21:15,20.53
2026-10-04 21:20,20.48
2026-10-04 21:25,20.5
2026-10-04 21:30,20.55
2026-10-04 21:35,20.51
2026-10-04 21:40,20.52
2026-10-04 21:45,20.52
2026-10-04 21:50,20.54
2026-10-04 21:55,20.53
2026-10-04 22:00,20.55
2026-10-04 22:05,20.52
2026-10-04 22:10,20.53
2026-10-04 22:15,20.52
2026-10-04 22:20,20.57
2026-10-04 22:25,20.56
2026-10-04 22:30,20.55
2026-10-04 22:35,20.56
2026-10-04 22:40,20.6
2026-10-04 22:45,20.57
2026-10-04 22:50,20.58
2026-10-04 22:55,20.57
2026-10-04 23:00,20.56
2026-10-04 23:05,20.6
2026-10-04 23:10,20.57
2026-10-04 23:15,20.58
2026-10-04 23:20,20.58
2026-10-04 23:25,20.58
2026-10-04 23:30,20.58
2026-10-04 23:35,20.58
2026-10-04 23:40,20.61
2026-10-04 23:45,20.58
2026-10-04 23:50,20.62
2026-10-04 23:55,20.62
2026-10-05 00:00,20.64
2026-10-05 00:05,20.63
2026-10-05 00:10,20.65
2026-10-05 00:15,20.63
2026-10-05 00:20,20.63
2026-10-05 00:25,20.66
2026-10-05 00:30,20.66
2026-10-05 00:35,20.64
2026-10-05 00:40,20.68
2026-10-05 00:45,20.7
2026-10-05 00:50,20.68
2026-10-05 00:55,20.68
2026-10-05 01:00,20.68
2026-10-05 01:05,20.7
2026-10-05 01:10,20.7
2026-10-05 01:15,20.72
2026-10-05 01:20,20.71
2026-10-05 01:25,20.71
2026-10-05 01:30,20.7
2026-10-05 01:35,20.73
2026-10-05 01:40,20.74
2026-10-05 01:45,20.72
2026-10-05 01:50,20.75
2026-10-05 01:55,20.74
2026-10-05 02:00,20.74
2026-10-05 02:05,20.75
2026-10-05 02:10,20.77
2026-10-05 02:15,20.77
2026-10-05 02:20,20.77
2026-10-05 02:25,20.77
2026-10-05 02:30,20.77
2026-10-05 02:35,20.76
2026-10-05 02:40,20.76
2026-10-05 02:45,20.77
2026-10-05 02:50,20.78
2026-10-05 02:55,20.78
2026-10-05 03:00,20.78
2026-10-05 03:05,20.78
2026-10-05 03:10,20.8
2026-10-05 03:15,20.78
2026-10-05 03:20,20.78
2026-10-05 03:25,20.79
2026-10-05 03:30,20.8
2026-10-05 03:35,20.8
2026-10-05 03:40,20.79
2026-10-05 03:45,20.79
2026-10-05 03:50,20.79
2026-10-05 03:55,20.78
2026-10-05 04:00,20.79
2026-10-05 04:05,20.8
2026-10-05 04:10,20.8
2026-10-05 04:15,20.79
2026-10-05 04:20,20.8
2026-10-05 04:25,20.82
2026-10-05 04:30,20.81
2026-10-05 04:35,20.82
2026-10-05 04:40,20.82
2026-10-05 04:45,20.83
2026-10-05 04:50,20.83
2026-10-05 04:55,20.84
2026-10-05 05:00,20.84
2026-10-05 05:05,20.84
2026-10-05 05:10,20.84
2026-10-05 05:15,20.84
2026-10-05 05:20,20.84
2026-10-05 05:25,20.84
2026-10-05 05:30,20.84
2026-10-05 05:35,20.9
2026-10-05 05:40,20.89
2026-10-05 05:45,20.9
2026-10-05 05:50,20.87
2026-10-05 05:55,20.9
2026-10-05 06:00,20.87
2026-10-05 06:05,20.88
2026-10-05 06:10,20.86
2026-10-05 06:15,20.87
2026-10-05 06:20,20.86
2026-10-05 06:25,20.87
2026-10-05 06:30,20.86
2026-10-05 06:35,20.87
2026-10-05 06:40,20.84
2026-10-05 06:45,20.83
2026-10-05 06:50,20.83
2026-10-05 06:55,20.83
2026-10-05 07:00,20.83
2026-10-05 07:05,20.83
2026-10-05 07:10,20.82
2026-10-05 07:15,20.83
2026-10-05 07:20,20.8
2026-10-05 07:25,20.8
2026-10-05 07:30,20.82
2026-10-05 07:35,20.79
2026-10-05 07:40,20.79
2026-10-05 07:45,20.77
2026-10-05 07:50,20.78
2026-10-05 07:55,20.79
2026-10-05 08:00,20.79
2026-10-05 08:05,20.75
2026-10-05 08:10,20.77
2026-10-05 08:15,20.74
2026-10-05 08:20,20.75
2026-10-05 08:25,20.76
2026-10-05 08:30,20.75
2026-10-05 08:35,20.72
2026-10-05 08:40,20.74
2026-10-05 08:45,20.72
2026-10-05 08:50,20.7
2026-10-05 08:55,20.71
2026-10-05 09:00,20.69
2026-10-05 09:05,20.69
2026-10-05 09:10,20.7
2026-10-05 09:15,20.7
2026-10-05 09:20,20.7
2026-10-05 09:25,20.69
2026-10-05 09:30,20.68
2026-10-05 09:35,20.67
2026-10-05 09:40,20.69
2026-10-05 09:45,20.68
2026-10-05 09:50,20.68
2026-10-05 09:55,20.69
2026-10-05 10:00,20.64
2026-10-05 10:05,20.66
2026-10-05 10:10,20.63
2026-10-05 10:15,20.65
2026-10-05 10:20,20.65
2026-10-05 10:25,20.65
2026-10-05 10:30,20.57
2026-10-05 10:35,20.61
2026-10-05 10:40,20.56
2026-10-05 10:45,20.6
2026-10-05 10:50,20.61
2026-10-05 10:55,20.63
2026-10-05 11:00,20.64
2026-10-05 11:05,20.62
2026-10-05 11:10,20.63
2026-10-05 11:15,20.63
2026-10-05 11:20,20.65
2026-10-05 11:25,20.61
2026-10-05 11:30,20.62
2026-10-05 11:35,20.63
2026-10-05 11:40,20.59
2026-10-05 11:45,20.56
2026-10-05 11:50,20.62
2026-10-05 11:55,20.61
2026-10-05 12:00,20.63
2026-10-05 12:05,20.6
2026-10-05 12:10,20.59
2026-10-05 12:15,20.63
2026-10-05 12:20,20.65
2026-10-05 12:25,20.6
2026-10-05 12:30,20.63
2026-10-05 12:35,20.64
2026-10-05 12:40,20.61
2026-10-05 12:45,20.63
2026-10-05 12:50,20.59
2026-10-05 12:55,20.61
2026-10-05 13:00,20.64
2026-10-05 13:05,20.63
2026-10-05 13:10,20.58
2026-10-05 13:15,20.6
2026-10-05 13:20,20.6
2026-10-05 13:25,20.63
2026-10-05 13:30,20.63
2026-10-05 13:35,20.59
2026-10-05 13:40,20.59
2026-10-05 13:45,20.58
2026-10-05 13:50,20.62
2026-10-05 13:55,20.64
2026-10-05 14:00,20.59
2026-10-05 14:05,20.59
2026-10-05 14:10,20.61
2026-10-05 14:15,20.6
2026-10-05 14:20,20.59
2026-10-05 14:25,20.6
2026-10-05 14:30,20.57
2026-10-05 14:35,20.61
2026-10-05 14:40,20.61
2026-10-05 14:45,20.63
2026-10-05 14:50,20.57
2026-10-05 14:55,20.6
2026-10-05 15:00,20.61
2026-10-05 15:05,20.58
2026-10-05 15:10,20.6
2026-10-05 15:15,20.59
2026-10-05 15:20,20.6
2026-10-05 15:25,20.6
2026-10-05 15:30,20.57
2026-10-05 15:35,20.47
2026-10-05 15:40,20.5
2026-10-05 15:45,20.48
2026-10-05 15:50,20.51
2026-10-05 15:55,20.51
2026-10-05 16:00,20.46
2026-10-05 16:05,20.49
2026-10-05 16:10,20.55
2026-10-05 16:15,20.49
2026-10-05 16:20,20.49
2026-10-05 16:25,20.53
2026-10-05 16:30,20.54
2026-10-05 16:35,20.49
2026-10-05 16:40,20.49
2026-10-05 16:45,20.52
2026-10-05 16:50,20.5
2026-10-05 16:55,20.51
2026-10-05 17:00,20.48
2026-10-05 17:05,20.48
2026-10-05 17:10,20.5
2026-10-05 17:15,20.51
2026-10-05 17:20,20.49
2026-10-05 17:25,20.56
2026-10-05 17:30,20.5
2026-10-05 17:35,20.55
2026-10-05 17:40,20.53
2026-10-05 17:45,20.52
2026-10-05 17:50,20.52
2026-10-05 17:55,20.49
2026-10-05 18:00,20.52
2026-10-05 18:05,20.52
2026-10-05 18:10,20.52
2026-10-05 18:15,20.55
2026-10-05 18:20,20.53
2026-10-05 18:25,20.53
2026-10-05 18:30,20.52
2026-10-05 18:35,20.59
2026-10-05 18:40,20.53
2026-10-05 18:45,20.54
2026-10-05 18:50,20.59
2026-10-05 18:55,20.54
2026-10-05 19:00,20.54
2026-10-05 19:05,20.57
2026-10-05 19:10,20.57
2026-10-05 19:15,20.56
2026-10-05 19:20,20.54
2026-10-05 19:25,20.56
2026-10-05 19:30,20.51
2026-10-05 19:35,20.53
2026-10-05 19:40,20.55
2026-10-05 19:45,20.56
2026-10-05 19:50,20.54
2026-10-05 19:55,20.52
2026-10-05 20:00,20.55
2026-10-05 20:05,20.58
2026-10-05 20:10,20.54
2026-10-05 20:15,20.57
2026-10-05 20:20,20.58
2026-10-05 20:25,20.59
2026-10-05 20:30,20.59
2026-10-05 20:35,20.59
2026-10-05 20:40,20.59
2026-10-05 20:45,20.59
2026-10-05 20:50,20.58
2026-10-05 20:55,20.62
2026-10-05 21:00,20.58
2026-10-05 21:05,20.57
2026-10-05 21:10,20.62
2026-10-05 21:15,20.64
2026-10-05 21:20,20.59
2026-10-05 21:25,20.59
2026-10-05 21:30,20.59
2026-10-05 21:35,20.61
2026-10-05 21:40,20.61
2026-10-05 21:45,20.6
2026-10-05 21:50,20.63
2026-10-05 21:55,20.61
2026-10-05 22:00,20.64
2026-10-05 22:05,20.61
2026-10-05 22:10,20.61
2026-10-05 22:15,20.64
2026-10-05 22:20,20.66
2026-10-05 22:25,20.63
2026-10-05 22:30,20.64
2026-10-05 22:35,20.64
2026-10-05 22:40,20.69
2026-10-05 22:45,20.65
2026-10-05 22:50,20.68
2026-10-05 22:55,20.67
2026-10-05 23:00,20.67
2026-10-05 23:05,20.69
2026-10-05 23:10,20.71
2026-10-05 23:15,20.68
2026-10-05 23:20,20.68
2026-10-05 23:25,20.68
2026-10-05 23:30,20.67
2026-10-05 23:35,20.68
2026-10-05 23:40,20.71
2026-10-05 23:45,20.73
2026-10-05 23:50,20.72
2026-10-05 23:55,20.69
2026-10-06 00:00,20.72
2026-10-06 00:05,20.69
2026-10-06 00:10,20.75
2026-10-06 00:15,20.75
2026-10-06 00:20,20.73
2026-10-06 00:25,20.73
2026-10-06 00:30,20.73
2026-10-06 00:35,20.74
2026-10-06 00:40,20.76
2026-10-06 00:45,20.74
2026-10-06 00:50,20.76
2026-10-06 00:55,20.77
2026-10-06 01:00,20.77
2026-10-06 01:05,20.77
2026-10-06 01:10,20.78
2026-10-06 01:15,20.78
2026-10-06 01:20,20.79
2026-10-06 01:25,20.79
2026-10-06 01:30,20.81
2026-10-06 01:35,20.79
2026-10-06 01:40,20.8
2026-10-06 01:45,20.81
2026-10-06 01:50,20.81
2026-10-06 01:55,20.85
2026-10-06 02:00,20.84
2026-10-06 02:05,20.84
2026-10-06 02:10,20.84
2026-10-06 02:15,20.84
2026-10-06 02:20,20.83
2026-10-06 02:25,20.87
2026-10-06 02:30,20.85
2026-10-06 02:35,45.4
2026-10-06 02:40,45.42
2026-10-06 02:45,45.45
2026-10-06 02:50,45.42
2026-10-06 02:55,45.44
2026-10-06 03:00,45.44
2026-10-06 03:05,45.46
2026-10-06 03:10,45.45
2026-10-06 03:15,45.45
2026-10-06 03:20,45.46
2026-10-06 03:25,45.46
2026-10-06 03:30,45.48
2026-10-06 03:35,45.5
2026-10-06 03:40,45.51
2026-10-06 03:45,45.48
2026-10-06 03:50,45.5
2026-10-06 03:55,45.49
2026-10-06 04:00,45.5
2026-10-06 04:05,45.54
2026-10-06 04:10,45.54
2026-10-06 04:15,45.5
2026-10-06 04:20,45.53
2026-10-06 04:25,45.54
2026-10-06 04:30,45.71
2026-10-06 04:35,45.71
2026-10-06 04:40,45.7
2026-10-06 04:45,45.7
2026-10-06 04:50,45.7
2026-10-06 04:55,45.71
2026-10-06 05:00,45.71
2026-10-06 05:05,45.69
2026-10-06 05:10,45.71
2026-10-06 05:15,45.7
2026-10-06 05:20,45.69
2026-10-06 05:25,45.69
2026-10-06 05:30,45.7
2026-10-06 05:35,45.7
2026-10-06 05:40,45.7
2026-10-06 05:45,45.67
2026-10-06 05:50,45.67
2026-10-06 05:55,45.67
2026-10-06 06:00,45.64
2026-10-06 06:05,45.66
2026-10-06 06:10,45.64
2026-10-06 06:15,45.65
2026-10-06 06:20,45.64
2026-10-06 06:25,45.61
2026-10-06 06:30,45.63
2026-10-06 06:35,45.61
2026-10-06 06:40,45.61
2026-10-06 06:45,45.56
2026-10-06 06:50,45.59
2026-10-06 06:55,45.55
2026-10-06 07:00,45.55
2026-10-06 07:05,45.55
2026-10-06 07:10,45.54
2026-10-06 07:15,45.55
2026-10-06 07:20,45.52
2026-10-06 07:25,45.51
2026-10-06 07:30,45.56
2026-10-06 07:35,45.51
2026-10-06 07:40,45.49
2026-10-06 07:45,45.53
2026-10-06 07:50,45.43
2026-10-06 07:55,45.42
2026-10-06 08:00,45.48
2026-10-06 08:05,45.44
2026-10-06 08:10,45.45
2026-10-06 08:15,45.38
2026-10-06 08:20,45.4
2026-10-06 08:25,45.43
2026-10-06 08:30,45.42
2026-10-06 08:35,45.34
2026-10-06 08:40,45.41
2026-10-06 08:45,45.35
2026-10-06 08:50,45.38
2026-10-06 08:55,45.34
2026-10-06 09:00,45.4
2026-10-06 09:05,45.29
2026-10-06 09:10,45.38
2026-10-06 09:15,45.4
2026-10-06 09:20,45.35
2026-10-06 09:25,45.3
2026-10-06 09:30,45.3
2026-10-06 09:35,45.3
2026-10-06 09:40,45.33
2026-10-06 09:45,45.33
2026-10-06 09:50,45.25
2026-10-06 09:55,45.26
2026-10-06 10:00,45.34
2026-10-06 10:05,45.33
2026-10-06 10:10,45.31
2026-10-06 10:15,45.26
2026-10-06 10:20,45.2
2026-10-06 10:25,45.21
2026-10-06 10:30,45.22
2026-10-06 10:35,45.23
2026-10-06 10:40,45.27
2026-10-06 10:45,45.2
2026-10-06 10:50,45.18
2026-10-06 10:55,45.13
2026-10-06 11:00,45.23
2026-10-06 11:05,45.19
2026-10-06 11:10,45.19
2026-10-06 11:15,45.18
2026-10-06 11:20,45.22
2026-10-06 11:25,45.12
2026-10-06 11:30,45.25
2026-10-06 11:35,45.16
2026-10-06 11:40,45.24
2026-10-06 11:45,45.2
2026-10-06 11:50,45.17
2026-10-06 11:55,45.1
2026-10-06 12:00,45.13
2026-10-06 12:05,45.18
2026-10-06 12:10,45.2
2026-10-06 12:15,45.2
2026-10-06 12:20,45.09
2026-10-06 12:25,45.09
2026-10-06 12:30,45.12
2026-10-06 12:35,45.11
2026-10-06 12:40,45.11
2026-10-06 12:45,45.08
2026-10-06 12:50,45.17
2026-10-06 12:55,45.21
2026-10-06 13:00,45.12
2026-10-06 13:05,45.17
2026-10-06 13:10,45.2
2026-10-06 13:15,45.13
2026-10-06 13:20,45.14
2026-10-06 13:25,45.08
2026-10-06 13:30,45.12
2026-10-06 13:35,45.15
2026-10-06 13:40,45.07
2026-10-06 13:45,45.14
2026-10-06 13:50,45.09
2026-10-06 13:55,45.21
2026-10-06 14:00,45.21
2026-10-06 14:05,45.22
2026-10-06 14:10,45.16
2026-10-06 14:15,45.17
2026-10-06 14:20,45.18
2026-10-06 14:25,45.15
2026-10-06 14:30,45.18
2026-10-06 14:35,45.12
2026-10-06 14:40,45.15
2026-10-06 14:45,45.24
2026-10-06 14:50,45.31
2026-10-06 14:55,45.16
2026-10-06 15:00,45.15
2026-10-06 15:05,45.15
2026-10-06 15:10,45.17
2026-10-06 15:15,45.17
2026-10-06 15:20,45.14
2026-10-06 15:25,45.17
2026-10-06 15:30,45.23
2026-10-06 15:35,45.13
2026-10-06 15:40,45.23
2026-10-06 15:45,45.14
2026-10-06 15:50,45.17
2026-10-06 15:55,45.17
2026-10-06 16:00,45.17
2026-10-06 16:05,44.94
2026-10-06 16:10,44.97
2026-10-06 16:15,44.98
2026-10-06 16:20,44.92
2026-10-06 16:25,44.99
2026-10-06 16:30,45.04
2026-10-06 16:35,44.81
2026-10-06 16:40,44.87
2026-10-06 16:45,44.95
2026-10-06 16:50,44.86
2026-10-06 16:55,44.89
2026-10-06 17:00,44.92
2026-10-06 17:05,44.94
2026-10-06 17:10,44.89
2026-10-06 17:15,44.99
2026-10-06 17:20,44.87
2026-10-06 17:25,44.97
2026-10-06 17:30,44.91
2026-10-06 17:35,44.94
2026-10-06 17:40,44.88
2026-10-06 17:45,44.91
2026-10-06 17:50,44.94
2026-10-06 17:55,44.9
2026-10-06 18:00,45.03
2026-10-06 18:05,44.9
2026-10-06 18:10,44.99
2026-10-06 18:15,45.02
2026-10-06 18:20,44.94
2026-10-06 18:25,44.89
2026-10-06 18:30,44.85
2026-10-06 18:35,44.86
2026-10-06 18:40,44.75
2026-10-06 18:45,44.89
2026-10-06 18:50,44.86
2026-10-06 18:55,44.91
2026-10-06 19:00,44.85
2026-10-06 19:05,44.83
2026-10-06 19:10,44.98
2026-10-06 19:15,44.97
2026-10-06 19:20,44.9
2026-10-06 19:25,44.91
2026-10-06 19:30,44.87
2026-10-06 19:35,44.94
2026-10-06 19:40,44.88
2026-10-06 19:45,44.9
2026-10-06 19:50,45.0
2026-10-06 19:55,44.94
2026-10-06 20:00,44.93
2026-10-06 20:05,44.83
2026-10-06 20:10,44.93
2026-10-06 20:15,44.88
2026-10-06 20:20,44.93
2026-10-06 20:25,44.93
2026-10-06 20:30,44.89
2026-10-06 20:35,44.95
2026-10-06 20:40,44.88
2026-10-06 20:45,44.95
2026-10-06 20:50,44.87
2026-10-06 20:55,44.95
2026-10-06 21:00,44.91
2026-10-06 21:05,44.93
2026-10-06 21:10,44.96
2026-10-06 21:15,44.9
2026-10-06 21:20,45.05
2026-10-06 21:25,44.89
2026-10-06 21:30,45.0
2026-10-06 21:35,44.96
2026-10-06 21:40,44.99
2026-10-06 21:45,45.02
2026-10-06 21:50,45.07
2026-10-06 21:55,45.02
2026-10-06 22:00,45.03
2026-10-06 22:05,44.99
2026-10-06 22:10,45.1
2026-10-06 22:15,44.95
2026-10-06 22:20,45.11
2026-10-06 22:25,45.1
2026-10-06 22:30,45.0
2026-10-06 22:35,45.06
2026-10-06 22:40,45.1
2026-10-06 22:45,45.1
2026-10-06 22:50,45.12
2026-10-06 22:55,45.11
2026-10-06 23:00,45.22
2026-10-06 23:05,45.1
2026-10-06 23:10,45.17
2026-10-06 23:15,45.13
2026-10-06 23:20,45.12
2026-10-06 23:25,45.18
2026-10-06 23:30,45.16
2026-10-06 23:35,45.14
2026-10-06 23:40,45.19
2026-10-06 23:45,45.21
2026-10-06 23:50,45.28
2026-10-06 23:55,45.27
2026-10-07 00:00,45.19
2026-10-07 00:05,45.28
2026-10-07 00:10,45.28
2026-10-07 00:15,45.28
2026-10-07 00:20,45.33
2026-10-07 00:25,45.29
2026-10-07 00:30,45.29
2026-10-07 00:35,45.37
2026-10-07 00:40,45.39
2026-10-07 00:45,45.4
2026-10-07 00:50,45.39
2026-10-07 00:55,45.38
2026-10-07 01:00,45.43
2026-10-07 01:05,45.4
2026-10-07 01:10,45.45
2026-10-07 01:15,45.43
2026-10-07 01:20,45.48
2026-10-07 01:25,45.48
2026-10-07 01:30,45.5
2026-10-07 01:35,45.49
2026-10-07 01:40,45.48
2026-10-07 01:45,45.5
2026-10-07 01:50,45.5
2026-10-07 01:55,45.53
2026-10-07 02:00,45.51
2026-10-07 02:05,45.55
2026-10-07 02:10,45.58
2026-10-07 02:15,45.57
2026-10-07 02:20,45.58
2026-10-07 02:25,45.58
2026-10-07 02:30,45.55
2026-10-07 02:35,45.59
2026-10-07 02:40,45.6
2026-10-07 02:45,45.6
2026-10-07 02:50,45.61
2026-10-07 02:55,45.61
2026-10-07 03:00,45.62
2026-10-07 03:05,45.63
2026-10-07 03:10,45.64
2026-10-07 03:15,45.65
2026-10-07 03:20,45.65
2026-10-07 03:25,45.64
2026-10-07 03:30,45.66
2026-10-07 03:35,45.66
2026-10-07 03:40,45.67
2026-10-07 03:45,45.66
2026-10-07 03:50,45.67
2026-10-07 03:55,45.68
2026-10-07 04:00,45.67
2026-10-07 04:05,45.67
2026-10-07 04:10,45.69
2026-10-07 04:15,45.67
2026-10-07 04:20,45.7
2026-10-07 04:25,45.68
2026-10-07 04:30,45.84
2026-10-07 04:35,45.84
2026-10-07 04:40,45.84
2026-10-07 04:45,45.82
2026-10-07 04:50,45.83
2026-10-07 04:55,45.82
2026-10-07 05:00,45.82
2026-10-07 05:05,45.82
2026-10-07 05:10,45.82
2026-10-07 05:15,45.81
2026-10-07 05:20,45.82
2026-10-07 05:25,45.81
2026-10-07 05:30,45.8
2026-10-07 05:35,45.78
2026-10-07 05:40,45.74
2026-10-07 05:45,45.74
2026-10-07 05:50,45.76
2026-10-07 05:55,45.7
2026-10-07 06:00,45.66
2026-10-07 06:05,45.61
2026-10-07 06:10,45.69
2026-10-07 06:15,45.67
2026-10-07 06:20,45.54
2026-10-07 06:25,45.58
2026-10-07 06:30,45.59
2026-10-07 06:35,45.54
2026-10-07 06:40,45.58
2026-10-07 06:45,45.51
2026-10-07 06:50,45.47
2026-10-07 06:55,45.41
2026-10-07 07:00,45.4
2026-10-07 07:05,45.36
2026-10-07 07:10,45.4
2026-10-07 07:15,45.4
2026-10-07 07:20,45.3
2026-10-07 07:25,45.34
2026-10-07 07:30,45.33
2026-10-07 07:35,45.33
2026-10-07 07:40,45.35
2026-10-07 07:45,45.33
2026-10-07 07:50,45.34
2026-10-07 07:55,45.22
2026-10-07 08:00,45.23
2026-10-07 08:05,45.22
2026-10-07 08:10,45.28
2026-10-07 08:15,45.26
2026-10-07 08:20,45.31
2026-10-07 08:25,45.21
2026-10-07 08:30,45.08
2026-10-07 08:35,45.2
2026-10-07 08:40,45.18
2026-10-07 08:45,45.12
2026-10-07 08:50,45.2
2026-10-07 08:55,45.2
2026-10-07 09:00,45.23
2026-10-07 09:05,45.13
2026-10-07 09:10,45.16
2026-10-07 09:15,45.27
2026-10-07 09:20,45.18
2026-10-07 09:25,45.14
2026-10-07 09:30,45.29
2026-10-07 09:35,45.22
2026-10-07 09:40,45.08
2026-10-07 09:45,45.08
2026-10-07 09:50,45.13
2026-10-07 09:55,44.95
2026-10-07 10:00,45.16
2026-10-07 10:05,45.05
2026-10-07 10:10,45.21
2026-10-07 10:15,45.26
2026-10-07 10:20,45.12
2026-10-07 10:25,45.08
2026-10-07 10:30,45.21
2026-10-07 10:35,45.09
2026-10-07 10:40,45.1
2026-10-07 10:45,45.09
2026-10-07 10:50,45.16
2026-10-07 10:55,45.1
2026-10-07 11:00,45.17
2026-10-07 11:05,45.09
2026-10-07 11:10,45.23
2026-10-07 11:15,45.08
2026-10-07 11:20,45.14
2026-10-07 11:25,45.16
2026-10-07 11:30,45.12
2026-10-07 11:35,45.19
2026-10-07 11:40,45.11
2026-10-07 11:45,45.14
2026-10-07 11:50,45.18
2026-10-07 11:55,45.1
2026-10-07 12:00,45.14
2026-10-07 12:05,45.1
2026-10-07 12:10,45.21
2026-10-07 12:15,45.09
2026-10-07 12:20,45.24
2026-10-07 12:25,45.14
2026-10-07 12:30,45.09
2026-10-07 12:35,45.14
2026-10-07 12:40,45.24
2026-10-07 12:45,45.13
2026-10-07 12:50,45.1
2026-10-07 12:55,45.08
2026-10-07 13:00,45.18
2026-10-07 13:05,45.14
2026-10-07 13:10,45.04
2026-10-07 13:15,45.14
2026-10-07 13:20,45.26
2026-10-07 13:25,45.18
2026-10-07 13:30,45.15
2026-10-07 13:35,45.22
2026-10-07 13:40,45.15
2026-10-07 13:45,45.15
2026-10-07 13:50,45.19
2026-10-07 13:55,45.16
2026-10-07 14:00,45.15
2026-10-07 14:05,45.24
2026-10-07 14:10,45.2
2026-10-07 14:15,45.19
2026-10-07 14:20,45.22
2026-10-07 14:25,45.25
2026-10-07 14:30,45.06
2026-10-07 14:35,44.91
2026-10-07 14:40,44.91
2026-10-07 14:45,44.92
2026-10-07 14:50,45.02
2026-10-07 14:55,44.93
2026-10-07 15:00,44.87
2026-10-07 15:05,45.02
2026-10-07 15:10,45.02
2026-10-07 15:15,44.96
2026-10-07 15:20,44.89
2026-10-07 15:25,45.02
2026-10-07 15:30,44.96
2026-10-07 15:35,44.97
2026-10-07 15:40,45.0
2026-10-07 15:45,45.01
2026-10-07 15:50,45.03
2026-10-07 15:55,45.04
2026-10-07 16:00,45.01
2026-10-07 16:05,45.0
2026-10-07 16:10,45.07
2026-10-07 16:15,44.95
2026-10-07 16:20,45.07
2026-10-07 16:25,45.11
2026-10-07 16:30,45.02
2026-10-07 16:35,44.98
2026-10-07 16:40,45.04
2026-10-07 16:45,45.03
2026-10-07 16:50,45.04
2026-10-07 16:55,45.1
2026-10-07 17:00,45.05
2026-10-07 17:05,45.02
2026-10-07 17:10,45.02
2026-10-07 17:15,45.06
2026-10-07 17:20,45.06
2026-10-07 17:25,44.95
2026-10-07 17:30,45.0
2026-10-07 17:35,45.03
2026-10-07 17:40,45.06
2026-10-07 17:45,44.96
2026-10-07 17:50,45.06
2026-10-07 17:55,45.1
2026-10-07 18:00,44.97
2026-10-07 18:05,45.05
2026-10-07 18:10,45.01
2026-10-07 18:15,45.03
2026-10-07 18:20,45.14
2026-10-07 18:25,44.96
2026-10-07 18:30,44.98
2026-10-07 18:35,45.01
2026-10-07 18:40,45.04
2026-10-07 18:45,44.99
2026-10-07 18:50,45.02
2026-10-07 18:55,44.98
2026-10-07 19:00,44.98
2026-10-07 19:05,45.11
2026-10-07 19:10,44.99
2026-10-07 19:15,45.02
2026-10-07 19:20,45.07
2026-10-07 19:25,44.91
2026-10-07 19:30,44.88
2026-10-07 19:35,45.01
2026-10-07 19:40,45.08
2026-10-07 19:45,44.99
2026-10-07 19:50,45.1
2026-10-07 19:55,44.98
2026-10-07 20:00,45.03
2026-10-07 20:05,44.99
2026-10-07 20:10,45.1
2026-10-07 20:15,45.03
2026-10-07 20:20,45.01
2026-10-07 20:25,45.0
2026-10-07 20:30,45.05
2026-10-07 20:35,45.05
2026-10-07 20:40,45.07
2026-10-07 20:45,45.06
2026-10-07 20:50,44.95
2026-10-07 20:55,45.0
2026-10-07 21:00,45.04
2026-10-07 21:05,44.97
2026-10-07 21:10,45.02
2026-10-07 21:15,45.0
2026-10-07 21:20,45.07
2026-10-07 21:25,45.09
2026-10-07 21:30,44.95
2026-10-07 21:35,45.05
2026-10-07 21:40,45.02
2026-10-07 21:45,45.12
2026-10-07 21:50,45.1
2026-10-07 21:55,45.01
2026-10-07 22:00,45.03
2026-10-07 22:05,45.13
2026-10-07 22:10,45.21
2026-10-07 22:15,45.11
2026-10-07 22:20,45.26
2026-10-07 22:25,45.22
2026-10-07 22:30,45.17
2026-10-07 22:35,45.22
2026-10-07 22:40,45.2
2026-10-07 22:45,45.17
2026-10-07 22:50,45.14
2026-10-07 22:55,45.16
2026-10-07 23:00,45.17
2026-10-07 23:05,45.27
2026-10-07 23:10,45.3
2026-10-07 23:15,45.28
2026-10-07 23:20,45.24
2026-10-07 23:25,45.29
2026-10-07 23:30,45.31
2026-10-07 23:35,45.25
2026-10-07 23:40,45.23
2026-10-07 23:45,45.32
2026-10-07 23:50,45.35
2026-10-07 23:55,45.43
