curve,x,y
roc,0.0,0.0
roc,0.00018,0.01846
roc,0.00035,0.02668
roc,0.00062,0.04147
roc,0.00084,0.05604
roc,0.00111,0.07183
roc,0.00129,0.10318
roc,0.00151,0.11274
roc,0.00169,0.12408
roc,0.00191,0.13287
roc,0.00213,0.13987
roc,0.00235,0.14554
roc,0.00257,0.15933
roc,0.00279,0.18034
roc,0.00297,0.19246
roc,0.00319,0.20803
roc,0.00337,0.23049
roc,0.00364,0.23749
roc,0.00382,0.24294
roc,0.00404,0.24872
roc,0.00421,0.25539
roc,0.00444,0.26718
roc,0.00466,0.27062
roc,0.00488,0.27841
roc,0.00506,0.28408
roc,0.00528,0.29131
roc,0.00546,0.29831
roc,0.00568,0.30287
roc,0.00586,0.31477
roc,0.00617,0.32355
roc,0.00634,0.32777
roc,0.00661,0.33356
roc,0.00683,0.34
roc,0.0071,0.34145
roc,0.00728,0.34378
roc,0.00754,0.34679
roc,0.00776,0.35034
roc,0.00807,0.35401
roc,0.00825,0.35935
roc,0.00847,0.36313
roc,0.00869,0.36836
roc,0.00892,0.37403
roc,0.00923,0.37903
roc,0.00945,0.38248
roc,0.00963,0.38459
roc,0.00985,0.38648
roc,0.01007,0.38737
roc,0.01034,0.39215
roc,0.01056,0.39649
roc,0.01082,0.39893
roc,0.011,0.40316
roc,0.01127,0.40705
roc,0.01153,0.41339
roc,0.01184,0.41817
roc,0.01207,0.42284
roc,0.01238,0.42717
roc,0.0126,0.43051
roc,0.01286,0.4334
roc,0.01309,0.43818
roc,0.01344,0.44252
roc,0.01366,0.44496
roc,0.01397,0.44819
roc,0.0142,0.45275
roc,0.01451,0.45664
roc,0.01473,0.45908
roc,0.01499,0.46053
roc,0.01522,0.46364
roc,0.01544,0.46642
roc,0.0157,0.46931
roc,0.01597,0.47254
roc,0.01615,0.4771
roc,0.01641,0.47988
roc,0.01664,0.48188
roc,0.01686,0.48299
roc,0.01703,0.48677
roc,0.01739,0.48777
roc,0.01757,0.49344
roc,0.01783,0.49611
roc,0.01806,0.49855
roc,0.01841,0.50078
roc,0.01859,0.50345
roc,0.0189,0.50445
roc,0.01912,0.50812
roc,0.01934,0.51534
roc,0.01956,0.51757
roc,0.01983,0.5189
roc,0.02005,0.52001
roc,0.02036,0.52446
roc,0.02063,0.5288
roc,0.02089,0.53124
roc,0.02116,0.53369
roc,0.02143,0.53569
roc,0.02169,0.53669
roc,0.02205,0.53914
roc,0.02236,0.54136
roc,0.02258,0.54381
roc,0.02276,0.5467
roc,0.02307,0.54926
roc,0.02325,0.55192
roc,0.02351,0.55359
roc,0.02373,0.55693
roc,0.02396,0.5596
roc,0.02413,0.5616
roc,0.02444,0.56304
roc,0.02462,0.56582
roc,0.02489,0.56827
roc,0.02515,0.56982
roc,0.02551,0.57071
roc,0.02573,0.5726
roc,0.02595,0.57505
roc,0.02631,0.57694
roc,0.02662,0.57983
roc,0.02693,0.58306
roc,0.02733,0.58528
roc,0.02764,0.5865
roc,0.0279,0.58984
roc,0.02808,0.59195
roc,0.0283,0.59573
roc,0.02852,0.5984
roc,0.02879,0.6004
roc,0.02897,0.60396
roc,0.02928,0.60607
roc,0.02954,0.60996
roc,0.02986,0.61308
roc,0.03003,0.61519
roc,0.03043,0.61608
roc,0.0307,0.61763
roc,0.03092,0.61863
roc,0.0311,0.62219
roc,0.03145,0.62431
roc,0.03167,0.6262
roc,0.03194,0.62875
roc,0.03212,0.6312
roc,0.03234,0.63465
roc,0.03261,0.63665
roc,0.03287,0.63754
roc,0.03305,0.6402
roc,0.03327,0.64109
roc,0.03345,0.64365
roc,0.03371,0.64576
roc,0.03389,0.64843
roc,0.0342,0.64977
roc,0.03438,0.65243
roc,0.03465,0.65332
roc,0.03482,0.65521
roc,0.03513,0.65655
roc,0.03531,0.66055
roc,0.03576,0.66189
roc,0.03593,0.664
roc,0.03615,0.66644
roc,0.03633,0.66767
roc,0.03678,0.66833
roc,0.037,0.66978
roc,0.03726,0.67067
roc,0.03744,0.67245
roc,0.03766,0.67345
roc,0.03788,0.67578
roc,0.03815,0.67701
roc,0.03833,0.67834
roc,0.03882,0.6799
roc,0.03908,0.68123
roc,0.03939,0.68257
roc,0.03961,0.68368
roc,0.03984,0.68523
roc,0.04006,0.68735
roc,0.04028,0.68835
roc,0.04046,0.68968
roc,0.0409,0.69046
roc,0.04112,0.69191
roc,0.04148,0.69435
roc,0.04166,0.69591
roc,0.04188,0.69713
roc,0.04205,0.69913
roc,0.04232,0.70047
roc,0.04259,0.70258
roc,0.04285,0.70336
roc,0.04325,0.70447
roc,0.04356,0.70758
roc,0.04387,0.70869
roc,0.04414,0.71025
roc,0.04441,0.71147
roc,0.04472,0.71459
roc,0.04489,0.7157
roc,0.04525,0.71692
roc,0.04543,0.71837
roc,0.04574,0.72104
roc,0.04596,0.7227
roc,0.04622,0.72348
roc,0.04645,0.72504
roc,0.04676,0.72571
roc,0.04702,0.72671
roc,0.04729,0.72771
roc,0.04756,0.72993
roc,0.04787,0.73104
roc,0.04822,0.73227
roc,0.04844,0.73338
roc,0.04889,0.7346
roc,0.04933,0.73549
roc,0.04955,0.73749
roc,0.04986,0.73905
roc,0.05008,0.74005
roc,0.05048,0.74149
roc,0.05075,0.74294
roc,0.05115,0.7455
roc,0.05137,0.74716
roc,0.05173,0.7485
roc,0.05199,0.74994
roc,0.05226,0.75106
roc,0.05248,0.75272
roc,0.05283,0.75428
roc,0.05315,0.75606
roc,0.0535,0.75706
roc,0.05368,0.75862
roc,0.05403,0.75995
roc,0.0543,0.76162
roc,0.05456,0.76251
roc,0.05474,0.76395
roc,0.05505,0.76518
roc,0.05523,0.76618
roc,0.05554,0.76684
roc,0.05576,0.76829
roc,0.05612,0.76951
roc,0.05634,0.77118
roc,0.05661,0.77207
roc,0.05692,0.77296
roc,0.05718,0.77385
roc,0.05749,0.77529
roc,0.05771,0.77596
roc,0.05803,0.77752
roc,0.05829,0.77807
roc,0.0586,0.77952
roc,0.05891,0.7803
roc,0.05918,0.78108
roc,0.05949,0.78197
roc,0.05984,0.78452
roc,0.06033,0.78619
roc,0.06082,0.78764
roc,0.06122,0.7893
roc,0.06149,0.79019
roc,0.06184,0.79064
roc,0.0622,0.79186
roc,0.0629,0.79253
roc,0.0633,0.79375
roc,0.06366,0.79431
roc,0.06388,0.79709
roc,0.0645,0.79764
roc,0.06486,0.79853
roc,0.06552,0.79909
roc,0.06583,0.79976
roc,0.06632,0.8012
roc,0.06681,0.80209
roc,0.06712,0.80254
roc,0.06734,0.80376
roc,0.06787,0.80431
roc,0.06818,0.80531
roc,0.06863,0.80632
roc,0.06912,0.8072
roc,0.06947,0.80843
roc,0.06974,0.81021
roc,0.07031,0.8111
roc,0.07054,0.81221
roc,0.07089,0.81288
roc,0.07107,0.81499
roc,0.0716,0.81554
roc,0.07187,0.81643
roc,0.07227,0.8171
roc,0.07249,0.81843
roc,0.07293,0.81932
roc,0.07342,0.81999
roc,0.07382,0.82055
roc,0.07417,0.82133
roc,0.07453,0.82266
roc,0.07497,0.82344
roc,0.07541,0.82388
roc,0.07612,0.82488
roc,0.07652,0.82588
roc,0.07688,0.827
roc,0.07723,0.82777
roc,0.07754,0.82866
roc,0.07808,0.83
roc,0.07856,0.83078
roc,0.07896,0.83267
roc,0.07919,0.83356
roc,0.07958,0.834
roc,0.08016,0.83456
roc,0.08056,0.83556
roc,0.08092,0.83667
roc,0.08158,0.83767
roc,0.08269,0.839
roc,0.08318,0.84034
roc,0.08344,0.84145
roc,0.08384,0.84212
roc,0.08407,0.84323
roc,0.08446,0.8439
roc,0.08517,0.84601
roc,0.08584,0.84656
roc,0.08611,0.84723
roc,0.08686,0.84801
roc,0.08721,0.84868
roc,0.08757,0.84923
roc,0.08779,0.85034
roc,0.08824,0.8509
roc,0.08863,0.85179
roc,0.08926,0.85235
roc,0.08965,0.85312
roc,0.09014,0.8539
roc,0.09045,0.85457
roc,0.09125,0.85557
roc,0.09156,0.85657
roc,0.09223,0.85746
roc,0.09276,0.85891
roc,0.09338,0.85935
roc,0.09369,0.86024
roc,0.09453,0.86102
roc,0.09489,0.86191
roc,0.09573,0.86235
roc,0.09591,0.86391
roc,0.0968,0.86435
roc,0.09729,0.86547
roc,0.09786,0.86591
roc,0.09844,0.86702
roc,0.09893,0.86791
roc,0.09937,0.86891
roc,0.09986,0.86958
roc,0.10035,0.87047
roc,0.10075,0.87136
roc,0.10163,0.87225
roc,0.10225,0.87325
roc,0.10274,0.87403
roc,0.10319,0.87458
roc,0.10345,0.87569
roc,0.10425,0.87658
roc,0.1046,0.87736
roc,0.10527,0.87781
roc,0.10571,0.87881
roc,0.10629,0.87948
roc,0.107,0.88025
roc,0.10789,0.88103
roc,0.10833,0.8817
roc,0.10891,0.88259
roc,0.10971,0.88381
roc,0.11024,0.8847
roc,0.11068,0.88537
roc,0.11126,0.88626
roc,0.11179,0.88692
roc,0.11241,0.88759
roc,0.11299,0.88826
roc,0.11357,0.88893
roc,0.11414,0.8897
roc,0.11476,0.89026
roc,0.11538,0.89104
roc,0.11618,0.89193
roc,0.1164,0.89248
roc,0.11738,0.89304
roc,0.11778,0.89371
roc,0.11898,0.89437
roc,0.11969,0.89537
roc,0.1204,0.89593
roc,0.12142,0.89682
roc,0.12213,0.89738
roc,0.12306,0.89815
roc,0.12426,0.89882
roc,0.1251,0.89949
roc,0.1255,0.89993
roc,0.12634,0.9006
roc,0.12692,0.90116
roc,0.12767,0.90205
roc,0.12807,0.9026
roc,0.129,0.90316
roc,0.12958,0.90382
roc,0.131,0.9046
roc,0.13184,0.90549
roc,0.13282,0.90605
roc,0.13419,0.9066
roc,0.1349,0.90727
roc,0.13575,0.90772
roc,0.13659,0.90838
roc,0.1373,0.90883
roc,0.13805,0.9095
roc,0.13845,0.90994
roc,0.13916,0.91083
roc,0.14067,0.91139
roc,0.14111,0.91205
roc,0.14147,0.9125
roc,0.14249,0.91316
roc,0.14351,0.91372
roc,0.14426,0.91461
roc,0.14622,0.91505
roc,0.14666,0.91583
roc,0.14768,0.91661
roc,0.14874,0.91717
roc,0.15101,0.91772
roc,0.15203,0.91839
roc,0.1534,0.91883
roc,0.15376,0.91961
roc,0.15566,0.92006
roc,0.15646,0.92061
roc,0.15846,0.92128
roc,0.15944,0.92184
roc,0.16015,0.92228
roc,0.16072,0.92306
roc,0.16241,0.92362
roc,0.16383,0.92428
roc,0.16458,0.92484
roc,0.16547,0.92539
roc,0.16653,0.92595
roc,0.16689,0.92684
roc,0.16826,0.9274
roc,0.16933,0.9284
roc,0.17026,0.92884
roc,0.17106,0.92951
roc,0.1727,0.93006
roc,0.17345,0.93073
roc,0.17421,0.9314
roc,0.17532,0.93218
roc,0.17643,0.93273
roc,0.17767,0.9334
roc,0.17878,0.93407
roc,0.1798,0.93473
roc,0.18193,0.93529
roc,0.18304,0.93596
roc,0.18379,0.93651
roc,0.18485,0.93729
roc,0.18676,0.93774
roc,0.18769,0.9384
roc,0.18947,0.93896
roc,0.19036,0.93985
roc,0.19142,0.9404
roc,0.19257,0.94107
roc,0.19368,0.94152
roc,0.19413,0.94218
roc,0.1951,0.94285
roc,0.19586,0.94341
roc,0.19861,0.94407
roc,0.2002,0.94474
roc,0.20349,0.94519
roc,0.20548,0.94574
roc,0.20677,0.94619
roc,0.20868,0.94674
roc,0.21165,0.94719
roc,0.21236,0.94785
roc,0.21444,0.9483
roc,0.21697,0.94885
roc,0.22034,0.9493
roc,0.22163,0.94986
roc,0.22376,0.9503
roc,0.22509,0.95097
roc,0.22815,0.95152
roc,0.23059,0.95208
roc,0.23183,0.95286
roc,0.23339,0.95341
roc,0.23383,0.95386
roc,0.23574,0.95441
roc,0.23836,0.95486
roc,0.23955,0.95541
roc,0.2423,0.95586
roc,0.24457,0.95642
roc,0.24887,0.95686
roc,0.25055,0.95753
roc,0.25206,0.95808
roc,0.25557,0.95864
roc,0.25774,0.95908
roc,0.25947,0.95975
roc,0.26111,0.96031
roc,0.26302,0.96086
roc,0.26564,0.96142
roc,0.26732,0.96197
roc,0.26967,0.96242
roc,0.27052,0.9632
roc,0.27247,0.96375
roc,0.27455,0.96431
roc,0.27637,0.96475
roc,0.2789,0.96542
roc,0.28205,0.96587
roc,0.28378,0.96653
roc,0.28955,0.9672
roc,0.29372,0.96798
roc,0.29744,0.96842
roc,0.30042,0.96898
roc,0.30184,0.96942
roc,0.30374,0.97009
roc,0.30618,0.97054
roc,0.31071,0.97109
roc,0.31705,0.97154
roc,0.31763,0.97209
roc,0.32113,0.97254
roc,0.32393,0.97309
roc,0.32939,0.97354
roc,0.33183,0.97432
roc,0.33555,0.97476
roc,0.33866,0.97543
roc,0.34318,0.97587
roc,0.34655,0.97643
roc,0.34984,0.97687
roc,0.35081,0.97765
roc,0.35702,0.9781
roc,0.36372,0.97865
roc,0.36904,0.9791
roc,0.37534,0.97965
roc,0.37801,0.9801
roc,0.38253,0.98065
roc,0.38541,0.9811
roc,0.38799,0.98165
roc,0.39202,0.98221
roc,0.39655,0.98277
roc,0.39872,0.98321
roc,0.4028,0.98377
roc,0.40706,0.98432
roc,0.40959,0.98488
roc,0.41678,0.98543
roc,0.42352,0.98599
roc,0.42636,0.98644
roc,0.4335,0.9871
roc,0.44193,0.98755
roc,0.44512,0.9881
roc,0.44703,0.98855
roc,0.45355,0.9891
roc,0.45976,0.98966
roc,0.46212,0.99033
roc,0.46589,0.99077
roc,0.47037,0.99144
roc,0.48966,0.99188
roc,0.49738,0.99244
roc,0.50461,0.99288
roc,0.52205,0.99344
roc,0.53145,0.99366
roc,0.54037,0.994
roc,0.54716,0.99433
roc,0.55692,0.99455
roc,0.55971,0.99511
roc,0.56863,0.99555
roc,0.59387,0.996
roc,0.60944,0.99655
roc,0.63175,0.997
roc,0.63961,0.99722
roc,0.6581,0.99755
roc,0.67004,0.99778
roc,0.68179,0.998
roc,0.68947,0.99811
roc,0.69728,0.99822
roc,0.7105,0.99844
roc,0.72593,0.99844
roc,0.72984,0.99844
roc,0.73578,0.99844
roc,0.74554,0.99867
roc,0.77948,0.99867
roc,0.79669,0.99889
roc,0.81035,0.99889
roc,0.82535,0.999
roc,0.8371,0.999
roc,0.84806,0.99933
roc,0.86079,0.99967
roc,0.87415,0.99978
roc,0.88896,0.99989
roc,0.89375,1.0
roc,0.9072,1.0
roc,0.91132,1.0
roc,0.92161,1.0
roc,0.92951,1.0
roc,0.93279,1.0
roc,0.93754,1.0
roc,0.93905,1.0
roc,0.94064,1.0
roc,0.9422,1.0
roc,0.94326,1.0
roc,0.94583,1.0
roc,0.94739,1.0
roc,0.94872,1.0
roc,0.94983,1.0
roc,0.95089,1.0
roc,0.95249,1.0
roc,0.95373,1.0
roc,0.95555,1.0
roc,0.95679,1.0
roc,0.95795,1.0
roc,0.95923,1.0
roc,0.96078,1.0
roc,0.96207,1.0
roc,0.96322,1.0
roc,0.96464,1.0
roc,0.96673,1.0
roc,0.96926,1.0
roc,0.97046,1.0
roc,0.97156,1.0
roc,0.97569,1.0
roc,0.97738,1.0
roc,0.97871,1.0
roc,0.9799,1.0
roc,0.98124,1.0
roc,0.98305,1.0
roc,0.98407,1.0
roc,0.98496,1.0
roc,0.98643,1.0
roc,0.9874,1.0
roc,0.98882,1.0
roc,0.99051,1.0
roc,0.99126,1.0
roc,0.99259,1.0
roc,0.9937,1.0
roc,0.99481,1.0
roc,0.99605,1.0
roc,0.99831,1.0
pr,1.0,0.2852
pr,1.0,0.28605
pr,1.0,0.287
pr,1.0,0.28805
pr,1.0,0.28919
pr,1.0,0.28997
pr,1.0,0.29193
pr,1.0,0.29316
pr,1.0,0.29416
pr,1.0,0.29528
pr,1.0,0.29621
pr,1.0,0.29686
pr,1.0,0.29757
pr,1.0,0.29834
pr,1.0,0.2989
pr,1.0,0.29943
pr,1.0,0.29995
pr,1.0,0.30056
pr,1.0,0.30108
pr,1.0,0.30161
pr,1.0,0.30216
pr,1.0,0.30269
pr,1.0,0.30321
pr,1.0,0.30373
pr,1.0,0.30428
pr,1.0,0.30484
pr,1.0,0.30538
pr,1.0,0.30592
pr,1.0,0.30646
pr,1.0,0.307
pr,1.0,0.30754
pr,1.0,0.30808
pr,1.0,0.30864
pr,1.0,0.3092
pr,1.0,0.30976
pr,0.99989,0.31027
pr,0.99989,0.31083
pr,0.99978,0.31135
pr,0.99978,0.3119
pr,0.99978,0.31246
pr,0.99978,0.31303
pr,0.99978,0.31359
pr,0.99978,0.31417
pr,0.99978,0.31474
pr,0.99978,0.31531
pr,0.99978,0.31587
pr,0.99978,0.31644
pr,0.99956,0.31694
pr,0.99956,0.31751
pr,0.99956,0.31809
pr,0.99944,0.31863
pr,0.99944,0.31921
pr,0.99933,0.31976
pr,0.99922,0.32032
pr,0.999,0.32084
pr,0.999,0.32142
pr,0.999,0.32201
pr,0.999,0.32261
pr,0.999,0.32321
pr,0.999,0.32387
pr,0.999,0.32446
pr,0.999,0.32506
pr,0.999,0.32566
pr,0.999,0.32628
pr,0.999,0.32688
pr,0.999,0.32749
pr,0.999,0.3281
pr,0.999,0.32872
pr,0.999,0.32936
pr,0.99889,0.32997
pr,0.99889,0.33059
pr,0.99889,0.33126
pr,0.99889,0.33189
pr,0.99889,0.33253
pr,0.99889,0.33317
pr,0.99889,0.33382
pr,0.99878,0.33441
pr,0.99878,0.33509
pr,0.99878,0.33573
pr,0.99878,0.33637
pr,0.99878,0.33701
pr,0.99878,0.33766
pr,0.99867,0.33827
pr,0.99867,0.33892
pr,0.99867,0.33957
pr,0.99867,0.34023
pr,0.99867,0.34089
pr,0.99867,0.34155
pr,0.99867,0.34221
pr,0.99867,0.34292
pr,0.99867,0.34359
pr,0.99867,0.34426
pr,0.99867,0.34493
pr,0.99867,0.34561
pr,0.99867,0.34629
pr,0.99867,0.34697
pr,0.99867,0.34767
pr,0.99867,0.34837
pr,0.99855,0.34902
pr,0.99855,0.34971
pr,0.99855,0.35042
pr,0.99844,0.35108
pr,0.99844,0.3518
pr,0.99844,0.35254
pr,0.99844,0.35329
pr,0.99844,0.35402
pr,0.99844,0.35479
pr,0.99844,0.3555
pr,0.99844,0.35625
pr,0.99844,0.35697
pr,0.99844,0.35771
pr,0.99844,0.35845
pr,0.99844,0.35919
pr,0.99844,0.35996
pr,0.99844,0.3607
pr,0.99833,0.3614
pr,0.99833,0.36216
pr,0.99833,0.36291
pr,0.99822,0.36361
pr,0.99822,0.36438
pr,0.99822,0.36515
pr,0.99811,0.36589
pr,0.99811,0.36672
pr,0.998,0.36745
pr,0.998,0.36822
pr,0.998,0.369
pr,0.998,0.36979
pr,0.99778,0.37049
pr,0.99778,0.37129
pr,0.99778,0.37207
pr,0.99767,0.37282
pr,0.99767,0.37361
pr,0.99767,0.37441
pr,0.99767,0.3752
pr,0.99755,0.37598
pr,0.99755,0.3768
pr,0.99744,0.37758
pr,0.99733,0.37835
pr,0.99733,0.37917
pr,0.99733,0.37999
pr,0.99733,0.38081
pr,0.99722,0.38161
pr,0.99722,0.38244
pr,0.99722,0.38327
pr,0.997,0.38403
pr,0.997,0.38488
pr,0.997,0.38573
pr,0.997,0.38661
pr,0.997,0.38746
pr,0.997,0.38832
pr,0.997,0.38918
pr,0.99689,0.39
pr,0.99678,0.39082
pr,0.99678,0.39169
pr,0.99666,0.39252
pr,0.99666,0.3934
pr,0.99666,0.39428
pr,0.99633,0.39504
pr,0.99633,0.39593
pr,0.99622,0.39678
pr,0.99611,0.39763
pr,0.99611,0.39853
pr,0.99611,0.39944
pr,0.99611,0.40035
pr,0.99589,0.40117
pr,0.99589,0.40209
pr,0.99589,0.40301
pr,0.99589,0.40394
pr,0.99566,0.40478
pr,0.99566,0.40572
pr,0.99566,0.40666
pr,0.99566,0.4076
pr,0.99566,0.40855
pr,0.99566,0.4095
pr,0.99555,0.41041
pr,0.99544,0.41133
pr,0.99544,0.4123
pr,0.99544,0.41329
pr,0.99522,0.41417
pr,0.99511,0.4151
pr,0.99466,0.4159
pr,0.99455,0.41688
pr,0.99455,0.41787
pr,0.99455,0.41889
pr,0.99455,0.41989
pr,0.99433,0.42081
pr,0.99411,0.42175
pr,0.99411,0.42276
pr,0.99388,0.42371
pr,0.99388,0.42474
pr,0.99377,0.42574
pr,0.99377,0.42678
pr,0.99366,0.42777
pr,0.99366,0.42886
pr,0.99366,0.42991
pr,0.99355,0.43092
pr,0.99333,0.43189
pr,0.99322,0.43291
pr,0.99322,0.43398
pr,0.99322,0.43506
pr,0.99322,0.43614
pr,0.99322,0.43723
pr,0.99322,0.43832
pr,0.99311,0.43937
pr,0.99277,0.44033
pr,0.99266,0.44139
pr,0.99255,0.44246
pr,0.99233,0.44348
pr,0.99233,0.4446
pr,0.99222,0.44569
pr,0.99199,0.44673
pr,0.99188,0.44782
pr,0.99188,0.44897
pr,0.99166,0.45002
pr,0.99166,0.45118
pr,0.99166,0.45235
pr,0.99166,0.45352
pr,0.99166,0.4547
pr,0.99144,0.45579
pr,0.99133,0.45693
pr,0.99122,0.45807
pr,0.99077,0.45907
pr,0.99066,0.46023
pr,0.99022,0.46124
pr,0.98966,0.4622
pr,0.98944,0.46332
pr,0.98922,0.46445
pr,0.98899,0.46558
pr,0.98877,0.46673
pr,0.98877,0.46798
pr,0.98833,0.46903
pr,0.98777,0.47003
pr,0.98766,0.47125
pr,0.98755,0.47247
pr,0.98721,0.4736
pr,0.98721,0.47489
pr,0.98688,0.47603
pr,0.98677,0.47728
pr,0.98666,0.47854
pr,0.98655,0.4798
pr,0.9861,0.48091
pr,0.98588,0.48214
pr,0.98577,0.48342
pr,0.98566,0.48472
pr,0.98543,0.48596
pr,0.98521,0.48722
pr,0.9851,0.48853
pr,0.98477,0.48974
pr,0.98455,0.49102
pr,0.98421,0.49224
pr,0.98377,0.49342
pr,0.98354,0.49472
pr,0.98321,0.49596
pr,0.98277,0.49716
pr,0.98266,0.49853
pr,0.98232,0.4998
pr,0.98188,0.50102
pr,0.98165,0.50236
pr,0.98121,0.5036
pr,0.98099,0.50495
pr,0.98043,0.50614
pr,0.98021,0.50751
pr,0.97999,0.50889
pr,0.97954,0.51016
pr,0.97954,0.51167
pr,0.97932,0.51308
pr,0.97899,0.51443
pr,0.97887,0.51591
pr,0.97865,0.51734
pr,0.97854,0.51884
pr,0.97832,0.52028
pr,0.97821,0.5218
pr,0.97799,0.52326
pr,0.97799,0.52485
pr,0.97776,0.52633
pr,0.97676,0.52741
pr,0.97654,0.52891
pr,0.97621,0.53035
pr,0.97576,0.53175
pr,0.97565,0.53334
pr,0.97532,0.53481
pr,0.97509,0.53636
pr,0.97443,0.53767
pr,0.97432,0.53929
pr,0.97365,0.54062
pr,0.97332,0.54214
pr,0.9732,0.5438
pr,0.97287,0.54534
pr,0.97276,0.54702
pr,0.97243,0.54858
pr,0.97187,0.55003
pr,0.97143,0.55154
pr,0.97131,0.55326
pr,0.97109,0.55493
pr,0.97087,0.5566
pr,0.97065,0.55829
pr,0.97031,0.55993
pr,0.96954,0.56131
pr,0.96887,0.56277
pr,0.96865,0.5645
pr,0.96809,0.56605
pr,0.96798,0.56787
pr,0.96765,0.56957
pr,0.96742,0.57134
pr,0.96687,0.57293
pr,0.96664,0.57473
pr,0.96642,0.57655
pr,0.96564,0.57804
pr,0.96542,0.57987
pr,0.96498,0.58159
pr,0.96442,0.58324
pr,0.96398,0.58498
pr,0.96342,0.58666
pr,0.96242,0.58808
pr,0.96175,0.58972
pr,0.96131,0.5915
pr,0.96075,0.59323
pr,0.9602,0.59497
pr,0.95953,0.59665
pr,0.95886,0.59835
pr,0.95842,0.60019
pr,0.95819,0.60219
pr,0.95753,0.60393
pr,0.95686,0.60567
pr,0.95664,0.60771
pr,0.9563,0.6097
pr,0.95586,0.61162
pr,0.95541,0.61357
pr,0.95486,0.61545
pr,0.95441,0.61742
pr,0.95397,0.61941
pr,0.95297,0.62104
pr,0.95197,0.62269
pr,0.95152,0.62472
pr,0.95108,0.62676
pr,0.95041,0.62867
pr,0.94986,0.63067
pr,0.9493,0.63268
pr,0.94897,0.63486
pr,0.94863,0.63705
pr,0.94808,0.63911
pr,0.9473,0.64104
pr,0.94708,0.64335
pr,0.94652,0.64546
pr,0.94574,0.64743
pr,0.94519,0.64958
pr,0.94485,0.65189
pr,0.94419,0.65399
pr,0.94363,0.65618
pr,0.94307,0.65839
pr,0.94152,0.65991
pr,0.94052,0.66184
pr,0.93918,0.66355
pr,0.93863,0.66583
pr,0.93774,0.66788
pr,0.93674,0.66987
pr,0.93551,0.67172
pr,0.93496,0.67407
pr,0.93384,0.67603
pr,0.93284,0.67809
pr,0.93184,0.68017
pr,0.93018,0.68177
pr,0.92962,0.68421
pr,0.9284,0.68617
pr,0.9274,0.68831
pr,0.92573,0.68998
pr,0.92462,0.69208
pr,0.92362,0.69427
pr,0.92262,0.69649
pr,0.92139,0.69856
pr,0.92061,0.70098
pr,0.91984,0.70343
pr,0.91872,0.70564
pr,0.91783,0.70804
pr,0.91717,0.71063
pr,0.91639,0.71316
pr,0.91494,0.71519
pr,0.91394,0.71759
pr,0.91272,0.71984
pr,0.91116,0.72184
pr,0.90983,0.72403
pr,0.90838,0.72616
pr,0.90716,0.72848
pr,0.90605,0.73092
pr,0.90505,0.73347
pr,0.9036,0.73567
pr,0.90216,0.7379
pr,0.90049,0.73997
pr,0.89904,0.74224
pr,0.89782,0.74472
pr,0.89671,0.74731
pr,0.89482,0.74928
pr,0.8936,0.75182
pr,0.89193,0.75402
pr,0.89004,0.75604
pr,0.88826,0.75819
pr,0.88659,0.76044
pr,0.88459,0.76243
pr,0.88203,0.76396
pr,0.88025,0.76619
pr,0.8787,0.76862
pr,0.87658,0.7706
pr,0.87414,0.7723
pr,0.8718,0.77411
pr,0.87002,0.77644
pr,0.86758,0.7782
pr,0.86535,0.78017
pr,0.86335,0.78237
pr,0.86102,0.78428
pr,0.85902,0.78652
pr,0.85679,0.78858
pr,0.85435,0.79045
pr,0.85212,0.79255
pr,0.84968,0.79447
pr,0.84757,0.79672
pr,0.84556,0.7991
pr,0.84234,0.80034
pr,0.83945,0.80191
pr,0.83722,0.80414
pr,0.83456,0.80597
pr,0.832,0.80792
pr,0.82933,0.80979
pr,0.82633,0.81135
pr,0.82388,0.81348
pr,0.82121,0.81541
pr,0.81888,0.8177
pr,0.81588,0.81934
pr,0.81276,0.82089
pr,0.80976,0.82257
pr,0.80643,0.82392
pr,0.80387,0.8261
pr,0.8012,0.82818
pr,0.79887,0.83064
pr,0.7962,0.83277
pr,0.79275,0.83411
pr,0.7903,0.83653
pr,0.7873,0.83839
pr,0.78374,0.83967
pr,0.7803,0.84108
pr,0.77696,0.84264
pr,0.7734,0.84397
pr,0.76985,0.84532
pr,0.76629,0.84668
pr,0.76262,0.84794
pr,0.75895,0.84922
pr,0.75495,0.85013
pr,0.75128,0.85144
pr,0.7475,0.85263
pr,0.7435,0.85359
pr,0.73994,0.85507
pr,0.73582,0.85592
pr,0.73293,0.85822
pr,0.72926,0.85963
pr,0.72571,0.8612
pr,0.72215,0.86278
pr,0.71781,0.86345
pr,0.71381,0.86453
pr,0.7097,0.86549
pr,0.70547,0.86633
pr,0.70202,0.86814
pr,0.69769,0.86887
pr,0.69357,0.86989
pr,0.6899,0.87149
pr,0.68601,0.87283
pr,0.68201,0.87404
pr,0.67834,0.8757
pr,0.67445,0.8771
pr,0.67022,0.87808
pr,0.66689,0.88025
pr,0.66222,0.88067
pr,0.65822,0.882
pr,0.65377,0.88275
pr,0.64943,0.88366
pr,0.64521,0.88474
pr,0.64054,0.88522
pr,0.6362,0.88617
pr,0.63164,0.88682
pr,0.62708,0.88749
pr,0.62275,0.88848
pr,0.61808,0.88901
pr,0.61441,0.891
pr,0.60985,0.89172
pr,0.60529,0.89246
pr,0.6004,0.89271
pr,0.59595,0.89363
pr,0.59106,0.8939
pr,0.58628,0.89434
pr,0.5825,0.89632
pr,0.57816,0.89748
pr,0.57372,0.89849
pr,0.56982,0.90039
pr,0.56549,0.90161
pr,0.56115,0.90286
pr,0.55659,0.90377
pr,0.55192,0.90452
pr,0.54736,0.90546
pr,0.54247,0.90587
pr,0.53858,0.90797
pr,0.53425,0.90935
pr,0.5298,0.91057
pr,0.52502,0.91123
pr,0.52012,0.91171
pr,0.51612,0.91378
pr,0.5109,0.9137
pr,0.50589,0.91402
pr,0.50156,0.91557
pr,0.49711,0.91694
pr,0.49244,0.91793
pr,0.48766,0.91873
pr,0.48299,0.91975
pr,0.47865,0.92145
pr,0.47354,0.92166
pr,0.46887,0.92276
pr,0.4642,0.92388
pr,0.45964,0.92525
pr,0.45519,0.92687
pr,0.45019,0.92739
pr,0.44541,0.92839
pr,0.44063,0.92941
pr,0.43585,0.93045
pr,0.43107,0.93152
pr,0.42628,0.93262
pr,0.42128,0.93325
pr,0.41628,0.9339
pr,0.41139,0.93482
pr,0.40638,0.9355
pr,0.40127,0.93594
pr,0.39649,0.93719
pr,0.39159,0.9382
pr,0.38681,0.93951
pr,0.38248,0.94195
pr,0.37781,0.94363
pr,0.37247,0.94366
pr,0.36724,0.94398
pr,0.36224,0.9449
pr,0.35713,0.94554
pr,0.35212,0.9465
pr,0.34723,0.9478
pr,0.34278,0.95037
pr,0.33811,0.9524
pr,0.333,0.95321
pr,0.32777,0.95374
pr,0.32277,0.95493
pr,0.31755,0.9555
pr,0.3121,0.95541
pr,0.30665,0.95532
pr,0.3012,0.95522
pr,0.2962,0.95655
pr,0.29086,0.95684
pr,0.28552,0.95714
pr,0.28019,0.95745
pr,0.27496,0.95816
pr,0.26962,0.9585
pr,0.26473,0.96047
pr,0.25917,0.96005
pr,0.25384,0.96045
pr,0.24861,0.96131
pr,0.24327,0.96176
pr,0.23805,0.96268
pr,0.23271,0.96318
pr,0.2276,0.96466
pr,0.22215,0.96475
pr,0.21659,0.96436
pr,0.21092,0.96343
pr,0.20536,0.96298
pr,0.19969,0.96197
pr,0.19424,0.962
pr,0.1889,0.96261
pr,0.18346,0.96266
pr,0.17801,0.96272
pr,0.17234,0.96154
pr,0.16678,0.96092
pr,0.16122,0.96026
pr,0.15577,0.96025
pr,0.15054,0.96165
pr,0.1451,0.96168
pr,0.13987,0.96325
pr,0.13465,0.96494
pr,0.12942,0.96678
pr,0.12397,0.96704
pr,0.11852,0.96733
pr,0.11308,0.96765
pr,0.10763,0.968
pr,0.10229,0.96944
pr,0.09673,0.96882
pr,0.09106,0.96694
pr,0.08539,0.96482
pr,0.07983,0.96376
pr,0.07427,0.96254
pr,0.06882,0.96267
pr,0.06338,0.96284
pr,0.05771,0.95933
pr,0.0527,0.96735
pr,0.04714,0.96583
pr,0.04158,0.96392
pr,0.03636,0.97033
pr,0.03069,0.96503
pr,0.02524,0.96596
pr,0.01979,0.96739
pr,0.01457,0.98496
pr,0.00901,0.9878
pr,0.00334,0.96774
