feature,importance
month,0.22925834741003018
pressure_std,0.2125274491488779
pressure_range,0.09978170023836191
pressure_max,0.08563685691632843
pressure_mean,0.06342532354550011
flow_std,0.0465208006802716
flow_total,0.0363027826936809
flow_mean,0.035224485997504114
tank_level,0.032923847484105755
pressure_min,0.03287659688604989
hour,0.02619168225432662
dayofweek,0.019826517795209258
demand_total,0.017908016911463025
demand_mean,0.01774019930183697
demand_std,0.01493235930787329
tank_level_change_5m,0.013897330363337493
flow_total_change_5m,0.00573017984691692
pressure_mean_change_5m,0.005681191981517841
demand_total_change_5m,0.002151172892774432
pressure_min_change_5m,0.0014631583440334259
