id,kind,x0,y0,x1,y1,xm,ym
p1,pipe,724.95,1097.08,725.87,1121.15,725.41,1109.12
p2,pipe,722.29,1043.96,722.95,1058.3,722.62,1051.13
p3,pipe,1161.0,1063.44,1190.11,1028.08,1175.55,1045.76
p4,pipe,745.58,918.67,716.36,917.96,730.97,918.32
p5,pipe,271.28,1480.96,274.23,1504.56,272.76,1492.76
p6,pipe,271.09,1281.28,302.24,1279.26,286.66,1280.27
p7,pipe,261.33,1361.98,256.54,1318.85,258.94,1340.42
p8,pipe,525.83,1490.19,575.55,1471.84,550.69,1481.02
p9,pipe,719.53,990.91,722.29,1043.96,720.91,1017.44
p10,pipe,574.86,1216.08,617.95,1261.56,596.4,1238.82
p11,pipe,369.97,1543.26,361.45,1475.42,365.71,1509.34
p12,pipe,256.54,1318.85,186.62,1326.65,221.58,1322.75
p13,pipe,361.51,1100.77,378.84,1136.18,370.17,1118.47
p14,pipe,302.24,1279.26,336.37,1277.06,319.3,1278.16
p15,pipe,344.84,1347.41,336.37,1277.06,340.6,1312.24
p16,pipe,336.37,1277.06,331.16,1227.21,333.76,1252.14
p17,pipe,331.16,1227.21,325.78,1173.23,328.47,1200.22
p18,pipe,331.16,1227.21,393.3,1207.5,362.23,1217.36
p19,pipe,181.22,914.67,195.95,860.16,188.58,887.42
p20,pipe,309.66,1037.48,305.94,1008.07,307.8,1022.78
p21,pipe,378.84,1136.18,423.91,1120.35,401.38,1128.26
p22,pipe,305.94,1008.07,300.29,964.57,303.12,986.32
p23,pipe,482.97,1314.28,478.09,1296.3,480.53,1305.29
p24,pipe,478.09,1296.3,525.89,1281.28,501.99,1288.79
p25,pipe,300.29,964.57,292.4,892.5,296.35,928.54
p26,pipe,423.91,1120.35,405.03,1063.3,414.47,1091.82
p27,pipe,292.4,892.5,288.82,853.94,290.61,873.22
p28,pipe,525.89,1281.28,566.53,1268.51,546.21,1274.9
p29,pipe,405.03,1063.3,460.34,1032.96,432.68,1048.13
p30,pipe,405.03,1063.3,389.45,1016.1,397.24,1039.7
p31,pipe,370.29,938.65,403.76,973.45,387.02,956.05
p32,pipe,403.76,973.45,432.65,1003.48,418.2,988.46
p33,pipe,432.65,1003.48,460.34,1032.96,446.5,1018.22
p34,pipe,727.0,1399.94,777.67,1368.09,752.34,1384.02
p35,pipe,445.94,892.44,444.76,848.99,445.35,870.72
p36,pipe,512.28,995.79,566.99,994.58,539.64,995.18
p37,pipe,621.8,1124.08,609.29,1055.0,615.54,1089.54
p38,pipe,716.93,1123.7,725.87,1121.15,721.4,1122.43
p39,pipe,725.87,1121.15,760.67,1111.34,743.27,1116.24
p40,pipe,724.95,1097.08,722.95,1058.3,723.95,1077.69
p41,pipe,761.12,1142.36,760.67,1111.34,760.9,1126.85
p42,pipe,855.04,1060.67,856.14,1039.65,855.59,1050.16
p43,pipe,856.14,1039.65,857.37,1016.18,856.76,1027.92
p44,pipe,857.37,1016.18,861.89,948.46,859.63,982.32
p45,pipe,861.89,948.46,866.29,878.52,864.09,913.49
p46,pipe,954.16,1031.85,946.9,1007.57,950.53,1019.71
p47,pipe,866.29,878.52,869.08,831.04,867.68,854.78
p48,pipe,946.9,1007.57,943.91,956.0,945.4,981.79
p49,pipe,1142.52,1079.08,1161.0,1063.44,1151.76,1071.26
p50,pipe,1097.78,876.0,1140.09,898.21,1118.94,887.1
p51,pipe,1140.09,898.21,1163.25,905.36,1151.67,901.79
p52,pipe,1140.09,898.21,1126.66,943.79,1133.38,921.0
p53,pipe,1925.46,770.1,1898.19,772.99,1911.82,771.54
p54,pipe,2196.79,519.11,2196.9,506.88,2196.85,513.0
p55,pipe,2167.05,677.06,2200.09,674.83,2183.57,675.94
p56,pipe,2476.94,457.71,2476.35,445.43,2476.64,451.57
p57,pipe,1562.62,897.08,1558.86,845.7,1560.74,871.39
p58,pipe,2197.04,535.91,2196.79,519.11,2196.92,527.51
p59,pipe,2141.65,606.4,2198.62,603.33,2170.14,604.86
p60,pipe,2478.53,499.12,2479.41,518.68,2478.97,508.9
p61,pipe,2371.48,789.98,2425.74,786.58,2398.61,788.28
p62,pipe,2334.02,792.33,2371.48,789.98,2352.75,791.16
p63,pipe,2371.48,789.98,2367.0,724.4,2369.24,757.19
p64,pipe,2405.76,668.93,2412.43,668.54,2409.1,668.73
p65,pipe,2538.56,967.69,2541.76,937.82,2540.16,952.76
p66,pipe,2046.96,894.6,2004.39,894.55,2025.68,894.58
p67,pipe,2103.63,889.65,2103.47,894.66,2103.55,892.16
p68,pipe,2055.01,692.25,2055.32,682.07,2055.16,687.16
p69,pipe,2750.64,847.75,2754.25,825.67,2752.44,836.71
p70,pipe,2411.1,516.74,2363.37,519.2,2387.23,517.97
p71,pipe,2769.11,427.91,2747.2,434.88,2758.16,431.4
p72,pipe,1768.52,456.83,1771.99,413.95,1770.26,435.39
p73,pipe,1765.63,499.29,1768.52,456.83,1767.08,478.06
p74,pipe,1754.99,555.7,1765.63,499.29,1760.31,527.5
p75,pipe,1746.95,576.21,1754.99,555.7,1750.97,565.96
p76,pipe,1732.87,611.57,1746.95,576.21,1739.91,593.89
p77,pipe,2411.1,516.74,2411.41,522.16,2411.26,519.45
p78,pipe,1848.77,391.16,1847.97,400.33,1848.37,395.74
p79,pipe,1641.48,840.68,1641.78,845.18,1641.63,842.93
p80,pipe,1898.19,772.99,1895.25,717.74,1896.72,745.36
p81,pipe,203.17,77.03,194.1,136.42,198.64,106.72
p82,pipe,194.1,136.42,182.34,147.27,188.22,141.84
p83,pipe,796.45,254.0,783.83,249.68,790.14,251.84
p84,pipe,934.43,751.2,912.7,758.45,923.56,754.82
p85,pipe,1088.53,487.69,1072.1,487.17,1080.32,487.43
p86,pipe,779.88,662.72,803.43,664.31,791.66,663.52
p87,pipe,682.2,421.82,713.2,445.23,697.7,433.52
p88,pipe,872.72,528.28,893.49,538.09,883.1,533.18
p89,pipe,686.52,649.74,623.81,629.64,655.16,639.69
p90,pipe,441.66,560.52,424.38,555.28,433.02,557.9
p91,pipe,698.87,585.63,699.42,580.32,699.14,582.98
p92,pipe,314.52,498.03,314.25,505.08,314.38,501.55
p93,pipe,956.08,289.28,936.66,285.66,946.37,287.47
p94,pipe,1107.83,487.78,1088.53,487.69,1098.18,487.74
p95,pipe,280.55,763.35,331.42,760.19,305.98,761.77
p96,pipe,215.29,564.74,208.68,502.81,211.98,533.78
p97,pipe,208.68,502.81,275.55,502.64,242.12,502.72
p98,pipe,290.47,557.11,313.2,556.67,301.84,556.89
p99,pipe,275.55,502.64,274.45,441.94,275.0,472.29
p100,pipe,275.55,502.64,314.25,505.08,294.9,503.86
p101,pipe,313.2,556.67,314.25,505.08,313.73,530.88
p102,pipe,171.01,279.19,240.32,280.96,205.66,280.08
p103,pipe,171.01,279.19,163.99,239.76,167.5,259.48
p104,pipe,332.64,554.96,384.78,555.06,358.71,555.01
p105,pipe,415.72,658.53,465.63,663.63,440.68,661.08
p106,pipe,415.72,658.53,417.4,638.33,416.56,648.43
p107,pipe,384.78,555.06,424.38,555.28,404.58,555.17
p108,pipe,240.32,280.96,256.48,288.69,248.4,284.82
p109,pipe,240.32,280.96,246.15,255.65,243.24,268.3
p110,pipe,465.63,663.63,458.67,732.35,462.15,697.99
p111,pipe,256.48,288.69,323.81,290.36,290.14,289.52
p112,pipe,270.57,166.58,283.28,126.16,276.92,146.37
p113,pipe,382.8,206.77,430.85,241.21,406.83,223.99
p114,pipe,513.76,388.27,556.44,328.41,535.1,358.34
p115,pipe,601.12,532.38,635.34,483.62,618.23,508.0
p116,pipe,373.51,131.03,362.92,164.59,368.22,147.81
p117,pipe,768.02,804.56,827.24,810.58,797.63,807.57
p118,pipe,686.52,649.74,698.87,585.63,692.7,617.68
p119,pipe,827.24,810.58,877.85,782.22,852.54,796.4
p120,pipe,699.42,580.32,704.16,533.84,701.79,557.08
p121,pipe,556.44,328.41,588.0,351.62,572.22,340.02
p122,pipe,588.0,351.62,617.83,373.57,602.92,362.6
p123,pipe,877.85,782.22,912.7,758.45,895.28,770.34
p124,pipe,713.2,445.23,756.81,470.46,735.0,457.84
p125,pipe,756.81,470.46,800.83,492.62,778.82,481.54
p126,pipe,843.12,600.12,869.24,622.9,856.18,611.51
p127,pipe,934.43,751.2,993.5,734.78,963.96,742.99
p128,pipe,858.56,521.58,872.72,528.28,865.64,524.93
p129,pipe,920.7,627.75,942.22,629.54,931.46,628.64
p130,pipe,993.5,734.78,1067.85,732.35,1030.68,733.56
p131,pipe,942.22,629.54,953.71,566.54,947.96,598.04
p132,pipe,893.49,538.09,928.9,554.77,911.2,546.43
p133,pipe,733.72,232.53,783.83,249.68,758.78,241.1
p134,pipe,928.9,554.77,953.71,566.54,941.3,560.66
p135,pipe,796.45,254.0,835.46,264.94,815.96,259.47
p136,pipe,1003.16,589.53,1034.08,604.93,1018.62,597.23
p137,pipe,866.5,274.35,898.57,277.14,882.54,275.74
p138,pipe,1034.08,604.93,1090.25,587.4,1062.16,596.16
p139,pipe,1034.08,604.93,1056.46,630.41,1045.27,617.67
p140,pipe,1090.25,587.4,1137.55,583.51,1113.9,585.45
p141,pipe,956.08,289.28,1025.24,301.64,990.66,295.46
p142,pipe,1137.55,583.51,1192.63,581.02,1165.09,582.26
p143,pipe,1113.87,317.46,1185.25,330.18,1149.56,323.82
p144,pipe,1506.54,582.04,1508.93,554.08,1507.74,568.06
p145,pipe,1612.65,644.21,1636.63,668.44,1624.64,656.32
p146,pipe,1612.65,644.21,1629.01,592.81,1620.83,618.51
p147,pipe,1704.52,382.32,1638.34,378.76,1671.43,380.54
p148,pipe,1632.35,565.57,1636.29,517.86,1634.32,541.72
p149,pipe,1632.35,565.57,1672.42,568.34,1652.38,566.96
p150,pipe,1636.29,517.86,1699.15,522.98,1667.72,520.42
p151,pipe,1638.94,452.0,1701.69,458.21,1670.32,455.1
p152,pipe,1638.94,452.0,1638.34,378.76,1638.64,415.38
p153,pipe,1641.78,845.18,1690.26,842.71,1666.02,843.94
p154,pipe,1690.26,842.71,1691.99,782.26,1691.12,812.48
p155,pipe,1712.94,623.74,1732.87,611.57,1722.9,617.66
p156,pipe,1904.17,894.73,1901.18,834.14,1902.68,864.44
p157,pipe,1746.95,576.21,1774.41,580.5,1760.68,578.36
p158,pipe,1901.18,834.14,1898.19,772.99,1899.68,803.56
p159,pipe,1754.99,555.7,1793.43,546.2,1774.21,550.95
p160,pipe,1765.63,499.29,1797.82,479.88,1781.72,489.58
p161,pipe,1895.25,717.74,1893.1,683.37,1894.18,700.56
p162,pipe,1768.52,456.83,1805.93,436.45,1787.22,446.64
p163,pipe,1889.11,627.98,1952.82,622.69,1920.96,625.34
p164,pipe,2101.21,945.9,2103.47,894.66,2102.34,920.28
p165,pipe,2103.63,889.65,2162.96,890.35,2133.3,890.0
p166,pipe,1998.45,693.21,2055.01,692.25,2026.73,692.73
p167,pipe,1930.12,446.34,1906.63,447.86,1918.38,447.1
p168,pipe,2118.18,680.81,2167.05,677.06,2142.61,678.94
p169,pipe,2200.09,674.83,2198.62,603.33,2199.36,639.08
p170,pipe,2093.38,482.16,2160.98,478.77,2127.18,480.46
p171,pipe,2393.77,985.03,2409.17,938.26,2401.47,961.64
p172,pipe,2409.17,938.26,2426.89,885.77,2418.03,912.02
p173,pipe,2426.89,885.77,2429.12,832.94,2428.0,859.36
p174,pipe,2429.12,832.94,2425.74,786.58,2427.43,809.76
p175,pipe,2367.0,724.4,2408.92,721.88,2387.96,723.14
p176,pipe,2347.17,665.86,2405.76,668.93,2376.46,667.4
p177,pipe,2347.17,665.86,2342.02,593.81,2344.6,629.84
p178,pipe,2408.92,721.88,2405.76,668.93,2407.34,695.4
p179,pipe,2541.76,937.82,2544.48,918.13,2543.12,927.98
p180,pipe,2544.48,918.13,2547.28,884.0,2545.88,901.06
p181,pipe,2544.48,918.13,2576.89,923.8,2560.68,920.96
p182,pipe,2682.87,1050.98,2719.49,1060.34,2701.18,1055.66
p183,pipe,2487.38,664.19,2483.71,601.56,2485.54,632.88
p184,pipe,2411.41,522.16,2479.41,518.68,2445.41,520.42
p185,pipe,2483.71,601.56,2480.63,546.14,2482.17,573.85
p186,pipe,2693.1,823.77,2754.25,825.67,2723.68,824.72
p187,pipe,2476.35,445.43,2483.8,395.24,2480.07,420.34
p188,pipe,2750.64,847.75,2811.17,856.43,2780.9,852.09
p189,pipe,2754.25,825.67,2762.66,771.21,2758.46,798.44
p190,pipe,2555.67,439.01,2560.37,398.41,2558.02,418.71
p191,pipe,2764.13,701.69,2768.23,647.61,2766.18,674.65
p192,pipe,2772.13,534.16,2763.89,495.26,2768.01,514.71
p193,pipe,2763.89,495.26,2747.2,434.88,2755.54,465.07
p194,pipe,2769.11,427.91,2820.89,411.44,2795.0,419.68
p195,pipe,1771.99,413.95,1704.52,382.32,1738.26,398.14
p196,pipe,226.16,644.61,281.88,640.91,254.02,642.76
p197,pipe,441.66,560.52,474.04,570.36,457.85,565.44
p198,pipe,557.63,609.69,623.81,629.64,590.72,619.66
p199,pipe,430.85,241.21,491.67,283.43,461.26,262.32
p200,pipe,652.08,399.06,682.2,421.82,667.14,410.44
p201,pipe,869.24,622.9,920.7,627.75,894.97,625.33
p202,pipe,800.83,492.62,858.56,521.58,829.7,507.1
p203,pipe,953.71,566.54,1003.16,589.53,978.44,578.04
p204,pipe,835.46,264.94,866.5,274.35,850.98,269.64
p205,pipe,1056.46,630.41,1077.3,658.25,1066.88,644.33
p206,pipe,898.57,277.14,936.66,285.66,917.62,281.4
p207,pipe,1629.01,592.81,1632.35,565.57,1630.68,579.19
p208,pipe,1641.78,845.18,1646.61,914.36,1644.2,879.77
p209,pipe,1893.1,683.37,1889.11,627.98,1891.1,655.68
p210,pipe,2046.96,894.6,2103.47,894.66,2075.22,894.63
p211,pipe,1952.82,622.69,1982.68,617.48,1967.75,620.08
p212,pipe,1930.12,446.34,1925.52,395.4,1927.82,420.87
p213,pipe,2168.95,737.97,2167.05,677.06,2168.0,707.52
p214,pipe,2080.64,583.4,2101.07,568.83,2090.86,576.12
p215,pipe,2198.62,603.33,2197.04,535.91,2197.83,569.62
p216,pipe,2673.29,940.08,2687.99,900.08,2680.64,920.08
p217,pipe,2480.63,546.14,2479.41,518.68,2480.02,532.41
p218,pipe,2478.53,499.12,2476.94,457.71,2477.74,478.42
p219,pipe,2557.96,493.87,2555.67,439.01,2556.82,466.44
p220,pipe,2762.66,771.21,2764.13,701.69,2763.4,736.45
p221,pipe,2768.23,647.61,2773.28,581.82,2770.76,614.72
p222,pipe,2773.28,581.82,2772.13,534.16,2772.7,557.99
p223,pipe,313.2,556.67,332.64,554.96,322.92,555.82
p224,pipe,513.76,388.27,536.59,415.93,525.17,402.1
p225,pipe,536.59,415.93,569.87,439.74,553.23,427.84
p226,pipe,603.95,462.8,635.34,483.62,619.64,473.21
p227,pipe,2760.32,1079.74,2737.79,1065.03,2749.06,1072.38
p228,pipe,557.63,609.69,515.67,589.07,536.65,599.38
p229,pipe,659.8,795.05,674.2,852.92,667.0,823.98
p230,pipe,719.53,990.91,716.36,917.96,717.94,954.44
p231,pipe,827.24,810.58,869.08,831.04,848.16,820.81
p232,pipe,1130.99,718.1,1204.59,707.94,1167.79,713.02
p233,pipe,520.55,183.11,571.03,196.53,545.79,189.82
p234,pipe,474.04,570.36,515.67,589.07,494.86,579.72
p235,pipe,444.86,806.31,449.24,770.4,447.05,788.36
p236,pipe,1636.29,517.86,1638.94,452.0,1637.62,484.93
p237,pipe,1391.36,762.78,1395.96,701.0,1393.66,731.89
p238,pipe,617.83,373.57,652.08,399.06,634.96,386.32
p239,pipe,573.35,1142.78,548.48,1153.26,560.92,1148.02
p240,pipe,548.48,1153.26,526.16,1162.06,537.32,1157.66
p241,pipe,158.93,1233.34,162.65,1181.32,160.79,1207.33
p242,pipe,162.65,1181.32,167.14,1118.61,164.9,1149.96
p243,pipe,167.14,1118.61,170.68,1059.78,168.91,1089.2
p244,pipe,170.68,1059.78,177.12,987.98,173.9,1023.88
p245,pipe,177.12,987.98,181.22,914.67,179.17,951.32
p246,pipe,361.45,1475.42,353.14,1409.75,357.29,1442.58
p247,pipe,353.14,1409.75,344.84,1347.41,348.99,1378.58
p248,pipe,393.3,1207.5,447.73,1192.11,420.52,1199.8
p249,pipe,424.85,1329.87,482.97,1314.28,453.91,1322.07
p250,pipe,439.91,1391.07,424.85,1329.87,432.38,1360.47
p251,pipe,314.66,1113.15,361.51,1100.77,338.08,1106.96
p252,pipe,325.78,1173.23,314.66,1113.15,320.22,1143.19
p253,pipe,138.22,1549.64,135.02,1617.66,136.62,1583.65
p254,pipe,135.02,1617.66,179.23,1607.01,157.12,1612.34
p255,pipe,179.23,1607.01,227.11,1590.82,203.17,1598.92
p256,pipe,227.11,1590.82,275.12,1576.83,251.12,1583.82
p257,pipe,275.12,1576.83,318.71,1563.11,296.91,1569.97
p258,pipe,318.71,1563.11,369.97,1543.26,344.34,1553.18
p259,pipe,274.23,1504.56,317.84,1489.99,296.03,1497.28
p260,pipe,317.84,1489.99,361.45,1475.42,339.64,1482.7
p261,pipe,271.28,1480.96,263.42,1433.65,267.35,1457.3
p262,pipe,263.42,1433.65,308.0,1421.64,285.71,1427.64
p263,pipe,308.0,1421.64,353.14,1409.75,330.57,1415.7
p264,pipe,158.93,1233.34,217.79,1235.65,188.36,1234.49
p265,pipe,217.79,1235.65,265.51,1239.01,241.65,1237.33
p266,pipe,265.51,1239.01,271.09,1281.28,268.3,1260.14
p267,pipe,261.33,1361.98,305.24,1353.42,283.28,1357.7
p268,pipe,305.24,1353.42,302.24,1279.26,303.74,1316.34
p269,pipe,369.97,1543.26,421.93,1525.57,395.95,1534.42
p270,pipe,421.93,1525.57,473.87,1507.88,447.9,1516.72
p271,pipe,473.87,1507.88,525.83,1490.19,499.85,1499.04
p272,pipe,162.65,1181.32,217.03,1178.62,189.84,1179.97
p273,pipe,217.03,1178.62,271.4,1175.93,244.21,1177.28
p274,pipe,271.4,1175.93,325.78,1173.23,298.59,1174.58
p275,pipe,361.45,1475.42,413.65,1457.94,387.55,1466.68
p276,pipe,413.65,1457.94,452.68,1442.27,433.16,1450.1
p277,pipe,452.68,1442.27,439.91,1391.07,446.3,1416.67
p278,pipe,167.14,1118.61,216.32,1116.79,191.73,1117.7
p279,pipe,216.32,1116.79,265.49,1114.97,240.9,1115.88
p280,pipe,265.49,1114.97,314.66,1113.15,290.08,1114.06
p281,pipe,170.68,1059.78,217.01,1052.35,193.84,1056.06
p282,pipe,217.01,1052.35,263.33,1044.91,240.17,1048.63
p283,pipe,263.33,1044.91,309.66,1037.48,286.5,1041.2
p284,pipe,344.84,1347.41,384.84,1338.64,364.84,1343.02
p285,pipe,384.84,1338.64,424.85,1329.87,404.84,1334.26
p286,pipe,177.12,987.98,218.18,980.17,197.65,984.08
p287,pipe,218.18,980.17,259.23,972.37,238.7,976.27
p288,pipe,259.23,972.37,300.29,964.57,279.76,968.47
p289,pipe,439.91,1391.07,396.53,1400.41,418.22,1395.74
p290,pipe,396.53,1400.41,353.14,1409.75,374.84,1405.08
p291,pipe,325.78,1173.23,377.56,1167.44,351.67,1170.34
p292,pipe,377.56,1167.44,378.84,1136.18,378.2,1151.81
p293,pipe,181.22,914.67,236.81,903.59,209.02,909.13
p294,pipe,236.81,903.59,292.4,892.5,264.6,898.04
p295,pipe,525.83,1490.19,515.11,1446.21,520.47,1468.2
p296,pipe,515.11,1446.21,504.4,1402.24,509.76,1424.22
p297,pipe,504.4,1402.24,493.68,1358.26,499.04,1380.25
p298,pipe,493.68,1358.26,482.97,1314.28,488.33,1336.27
p299,pipe,314.66,1113.15,312.17,1075.32,313.42,1094.24
p300,pipe,312.17,1075.32,309.66,1037.48,310.92,1056.4
p301,pipe,393.3,1207.5,403.81,1248.29,398.56,1227.9
p302,pipe,403.81,1248.29,414.34,1289.08,409.08,1268.68
p303,pipe,414.34,1289.08,424.85,1329.87,419.6,1309.47
p304,pipe,305.94,1008.07,354.86,990.76,330.4,999.42
p305,pipe,354.86,990.76,403.76,973.45,379.31,982.1
p306,pipe,575.55,1471.84,563.14,1424.2,569.34,1448.02
p307,pipe,563.14,1424.2,550.73,1376.56,556.93,1400.38
p308,pipe,550.73,1376.56,538.31,1328.92,544.52,1352.74
p309,pipe,538.31,1328.92,525.89,1281.28,532.1,1305.1
p310,pipe,478.09,1296.3,462.92,1244.21,470.5,1270.26
p311,pipe,462.92,1244.21,447.73,1192.11,455.33,1218.16
p312,pipe,423.91,1120.35,435.83,1156.23,429.87,1138.29
p313,pipe,435.83,1156.23,447.73,1192.11,441.78,1174.17
p314,pipe,288.82,853.94,329.56,896.3,309.19,875.12
p315,pipe,329.56,896.3,370.29,938.65,349.92,917.47
p316,pipe,526.16,1162.06,504.22,1119.03,515.19,1140.54
p317,pipe,504.22,1119.03,482.27,1075.99,493.24,1097.51
p318,pipe,482.27,1075.99,460.34,1032.96,471.3,1054.47
p319,pipe,526.16,1162.06,486.95,1177.09,506.55,1169.57
p320,pipe,486.95,1177.09,447.73,1192.11,467.34,1184.6
p321,pipe,570.9,1208.08,571.47,1176.46,571.18,1192.27
p322,pipe,571.47,1176.46,626.09,1151.64,598.78,1164.05
p323,pipe,626.09,1151.64,672.85,1137.73,649.47,1144.68
p324,pipe,672.85,1137.73,716.93,1123.7,694.89,1130.72
p325,pipe,570.9,1208.08,621.49,1207.6,596.19,1207.84
p326,pipe,621.49,1207.6,672.07,1207.11,646.78,1207.36
p327,pipe,672.07,1207.11,722.66,1206.63,697.36,1206.87
p328,pipe,722.66,1206.63,773.24,1206.15,747.95,1206.39
p329,pipe,773.24,1206.15,823.82,1205.67,798.53,1205.91
p330,pipe,823.82,1205.67,874.41,1205.19,849.12,1205.43
p331,pipe,874.41,1205.19,924.99,1204.71,899.7,1204.95
p332,pipe,924.99,1204.71,975.58,1204.22,950.29,1204.47
p333,pipe,617.95,1261.56,668.21,1260.96,643.08,1261.26
p334,pipe,668.21,1260.96,718.46,1260.38,693.34,1260.67
p335,pipe,718.46,1260.38,768.71,1259.78,743.58,1260.08
p336,pipe,617.95,1261.56,630.46,1304.15,624.21,1282.86
p337,pipe,630.46,1304.15,659.77,1341.02,645.12,1322.58
p338,pipe,659.77,1341.02,689.25,1388.1,674.51,1364.56
p339,pipe,689.25,1388.1,727.0,1399.94,708.12,1394.02
p340,pipe,519.13,1067.77,564.22,1061.39,541.67,1064.58
p341,pipe,564.22,1061.39,609.29,1055.0,586.76,1058.2
p342,pipe,445.94,892.44,486.07,891.14,466.0,891.79
p343,pipe,486.07,891.14,526.2,889.83,506.14,890.48
p344,pipe,512.28,995.79,519.24,942.81,515.76,969.3
p345,pipe,519.24,942.81,526.2,889.83,522.72,916.32
p346,pipe,621.8,1124.08,673.38,1110.58,647.59,1117.33
p347,pipe,673.38,1110.58,724.95,1097.08,699.16,1103.83
p348,pipe,777.67,1368.09,773.19,1313.93,775.43,1341.01
p349,pipe,773.19,1313.93,768.71,1259.78,770.95,1286.86
p350,pipe,777.67,1368.09,820.52,1331.76,799.1,1349.92
p351,pipe,820.52,1331.76,863.39,1295.43,841.96,1313.6
p352,pipe,863.39,1295.43,906.24,1259.09,884.82,1277.26
p353,pipe,566.99,994.58,617.83,993.35,592.41,993.96
p354,pipe,617.83,993.35,668.68,992.14,643.26,992.74
p355,pipe,668.68,992.14,719.53,990.91,694.1,991.52
p356,pipe,609.29,1055.0,665.79,1049.48,637.54,1052.24
p357,pipe,665.79,1049.48,722.29,1043.96,694.04,1046.72
p358,pipe,526.2,889.83,532.49,833.25,529.34,861.54
p359,pipe,532.49,833.25,538.76,776.66,535.62,804.96
p360,pipe,768.71,1259.78,814.56,1259.54,791.64,1259.66
p361,pipe,814.56,1259.54,860.4,1259.32,837.48,1259.43
p362,pipe,860.4,1259.32,906.24,1259.09,883.32,1259.2
p363,pipe,724.95,1097.08,768.31,1084.95,746.63,1091.01
p364,pipe,768.31,1084.95,811.68,1072.8,789.99,1078.88
p365,pipe,811.68,1072.8,855.04,1060.67,833.36,1066.74
p366,pipe,761.12,1142.36,811.49,1142.14,786.3,1142.25
p367,pipe,811.49,1142.14,861.86,1141.9,836.68,1142.02
p368,pipe,861.86,1141.9,912.24,1141.67,887.05,1141.79
p369,pipe,912.24,1141.67,962.6,1141.45,937.42,1141.56
p370,pipe,962.6,1141.45,1012.97,1141.21,987.79,1141.33
p371,pipe,1012.97,1141.21,1063.35,1140.98,1038.16,1141.1
p372,pipe,722.95,1058.3,767.35,1052.08,745.15,1055.19
p373,pipe,767.35,1052.08,811.74,1045.87,789.54,1048.97
p374,pipe,811.74,1045.87,856.14,1039.65,833.94,1042.76
p375,pipe,760.67,1111.34,807.97,1102.08,784.32,1106.71
p376,pipe,807.97,1102.08,854.26,1089.09,831.12,1095.58
p377,pipe,854.26,1089.09,904.62,1077.18,879.44,1083.14
p378,pipe,904.62,1077.18,951.61,1083.25,928.12,1080.22
p379,pipe,951.61,1083.25,998.83,1085.74,975.22,1084.49
p380,pipe,998.83,1085.74,1047.15,1084.17,1022.99,1084.96
p381,pipe,1047.15,1084.17,1094.8,1083.12,1070.97,1083.64
p382,pipe,1094.8,1083.12,1142.52,1079.08,1118.66,1081.1
p383,pipe,906.24,1259.09,940.91,1231.66,923.58,1245.38
p384,pipe,940.91,1231.66,975.58,1204.22,958.24,1217.94
p385,pipe,674.2,852.92,670.66,915.81,672.43,884.36
p386,pipe,670.66,915.81,716.36,917.96,693.51,916.88
p387,pipe,855.04,1060.67,904.61,1046.25,879.82,1053.46
p388,pipe,904.61,1046.25,954.16,1031.85,929.38,1039.05
p389,pipe,857.37,1016.18,902.13,1011.87,879.75,1014.02
p390,pipe,902.13,1011.87,946.9,1007.57,924.52,1009.72
p391,pipe,975.58,1204.22,1019.47,1172.6,997.53,1188.41
p392,pipe,1019.47,1172.6,1063.35,1140.98,1041.41,1156.79
p393,pipe,861.89,948.46,902.9,952.23,882.4,950.34
p394,pipe,902.9,952.23,943.91,956.0,923.4,954.12
p395,pipe,954.16,1031.85,997.91,1021.94,976.04,1026.9
p396,pipe,997.91,1021.94,1041.64,1012.03,1019.78,1016.98
p397,pipe,1041.64,1012.03,1095.65,988.29,1068.64,1000.16
p398,pipe,1095.65,988.29,1129.13,992.21,1112.39,990.25
p399,pipe,866.29,878.52,913.87,891.0,890.08,884.76
p400,pipe,913.87,891.0,956.94,898.18,935.4,894.59
p401,pipe,956.94,898.18,954.19,855.32,955.56,876.75
p402,pipe,869.08,831.04,911.64,843.18,890.36,837.11
p403,pipe,911.64,843.18,954.19,855.32,932.92,849.25
p404,pipe,943.91,956.0,996.98,943.75,970.44,949.88
p405,pipe,996.98,943.75,1042.54,933.45,1019.76,938.6
p406,pipe,1042.54,933.45,1091.19,922.54,1066.86,928.0
p407,pipe,1091.19,922.54,1097.78,876.0,1094.49,899.27
p408,pipe,1063.35,1140.98,1102.94,1110.03,1083.14,1125.51
p409,pipe,1102.94,1110.03,1142.52,1079.08,1122.73,1094.55
p410,pipe,1042.5,1036.71,1091.7,1033.83,1067.1,1035.27
p411,pipe,1091.7,1033.83,1140.9,1030.96,1116.3,1032.4
p412,pipe,1140.9,1030.96,1190.11,1028.08,1165.51,1029.52
p413,pipe,954.19,855.32,1001.38,871.34,977.79,863.33
p414,pipe,1001.38,871.34,1049.92,869.1,1025.65,870.22
p415,pipe,1049.92,869.1,1097.78,876.0,1073.85,872.55
p416,pipe,1129.13,992.21,1161.85,955.1,1145.49,973.66
p417,pipe,1161.85,955.1,1194.59,917.99,1178.22,936.54
p418,pipe,1194.59,917.99,1227.32,880.87,1210.96,899.43
p419,pipe,1227.32,880.87,1260.06,843.76,1243.69,862.32
p420,pipe,1260.06,843.76,1292.79,806.64,1276.42,825.2
p421,pipe,1097.78,876.0,1066.26,847.65,1082.02,861.82
p422,pipe,1066.26,847.65,1026.06,821.64,1046.16,834.64
p423,pipe,1026.06,821.64,1005.02,789.15,1015.54,805.4
p424,pipe,1005.02,789.15,993.5,734.78,999.26,761.96
p425,pipe,1190.11,1028.08,1231.54,1001.12,1210.82,1014.6
p426,pipe,1231.54,1001.12,1272.98,974.17,1252.26,987.64
p427,pipe,1272.98,974.17,1314.42,947.21,1293.7,960.69
p428,pipe,1292.79,806.64,1252.34,784.51,1272.56,795.58
p429,pipe,1252.34,784.51,1211.89,762.37,1232.12,773.44
p430,pipe,1211.89,762.37,1171.44,740.24,1191.66,751.3
p431,pipe,1171.44,740.24,1130.99,718.1,1151.22,729.17
p432,pipe,1292.79,806.64,1334.44,821.68,1313.62,814.16
p433,pipe,1334.44,821.68,1376.1,836.7,1355.27,829.19
p434,pipe,1376.1,836.7,1417.76,851.74,1396.93,844.22
p435,pipe,280.55,763.35,281.22,702.13,280.88,732.74
p436,pipe,281.22,702.13,281.88,640.91,281.55,671.52
p437,pipe,280.55,763.35,223.12,777.03,251.84,770.19
p438,pipe,223.12,777.03,224.62,728.08,223.87,752.56
p439,pipe,224.62,728.08,218.8,690.24,221.71,709.16
p440,pipe,218.8,690.24,226.16,644.61,222.48,667.42
p441,pipe,226.16,644.61,220.72,604.68,223.44,624.64
p442,pipe,220.72,604.68,215.29,564.74,218.0,584.71
p443,pipe,215.29,564.74,252.89,560.92,234.09,562.83
p444,pipe,252.89,560.92,290.47,557.11,271.68,559.02
p445,pipe,331.42,760.19,330.68,701.33,331.05,730.76
p446,pipe,330.68,701.33,329.93,642.47,330.3,671.9
p447,pipe,331.42,760.19,396.98,751.05,364.2,755.62
p448,pipe,396.98,751.05,406.25,705.63,401.62,728.34
p449,pipe,406.25,705.63,415.72,658.53,410.98,682.08
p450,pipe,281.88,640.91,286.18,599.01,284.03,619.96
p451,pipe,286.18,599.01,290.47,557.11,288.33,578.06
p452,pipe,208.68,502.81,201.14,458.08,204.91,480.44
p453,pipe,201.14,458.08,193.61,413.36,197.38,435.72
p454,pipe,193.61,413.36,186.07,368.64,189.84,391.0
p455,pipe,186.07,368.64,178.54,323.91,182.3,346.28
p456,pipe,178.54,323.91,171.01,279.19,174.77,301.55
p457,pipe,329.93,642.47,373.67,640.4,351.8,641.43
p458,pipe,373.67,640.4,417.4,638.33,395.54,639.36
p459,pipe,329.93,642.47,331.29,598.72,330.61,620.6
p460,pipe,331.29,598.72,332.64,554.96,331.96,576.84
p461,pipe,274.45,441.94,261.18,404.8,267.82,423.37
p462,pipe,261.18,404.8,256.04,356.27,258.61,380.54
p463,pipe,256.04,356.27,256.48,288.69,256.26,322.48
p464,pipe,163.99,239.76,173.17,193.52,168.58,216.64
p465,pipe,173.17,193.52,182.34,147.27,177.76,170.4
p466,pipe,163.99,239.76,205.07,247.71,184.53,243.74
p467,pipe,205.07,247.71,246.15,255.65,225.61,251.68
p468,pipe,314.52,498.03,316.84,446.11,315.68,472.07
p469,pipe,316.84,446.11,319.16,394.2,318.0,420.16
p470,pipe,319.16,394.2,321.48,342.28,320.32,368.24
p471,pipe,321.48,342.28,323.81,290.36,322.64,316.32
p472,pipe,417.4,638.33,420.9,596.8,419.15,617.57
p473,pipe,420.9,596.8,424.38,555.28,422.64,576.04
p474,pipe,384.78,555.06,381.77,505.71,383.28,530.38
p475,pipe,381.77,505.71,378.74,456.38,380.26,481.04
p476,pipe,378.74,456.38,375.73,407.03,377.24,431.7
p477,pipe,465.63,663.63,469.84,617.0,467.74,640.32
p478,pipe,469.84,617.0,474.04,570.36,471.94,593.68
p479,pipe,465.63,663.63,490.66,626.35,478.14,644.99
p480,pipe,490.66,626.35,515.67,589.07,503.16,607.71
p481,pipe,538.76,776.66,545.05,721.01,541.9,748.84
p482,pipe,545.05,721.01,551.34,665.34,548.19,693.18
p483,pipe,551.34,665.34,557.63,609.69,554.48,637.52
p484,pipe,538.76,776.66,599.28,785.86,569.02,781.26
p485,pipe,599.28,785.86,659.8,795.05,629.54,790.46
p486,pipe,246.15,255.65,258.37,211.12,252.26,233.38
p487,pipe,258.37,211.12,270.57,166.58,264.47,188.85
p488,pipe,424.38,555.28,439.17,506.92,431.78,531.1
p489,pipe,439.17,506.92,462.11,467.35,450.64,487.14
p490,pipe,462.11,467.35,487.75,428.51,474.93,447.93
p491,pipe,487.75,428.51,513.76,388.27,500.76,408.39
p492,pipe,194.1,136.42,232.34,151.5,213.22,143.96
p493,pipe,232.34,151.5,270.57,166.58,251.46,159.04
p494,pipe,441.66,560.52,473.3,512.33,457.48,536.42
p495,pipe,473.3,512.33,504.95,464.12,489.12,488.22
p496,pipe,504.95,464.12,536.59,415.93,520.77,440.02
p497,pipe,375.73,407.03,417.64,392.3,396.68,399.66
p498,pipe,417.64,392.3,424.4,329.23,421.02,360.76
p499,pipe,375.73,407.03,377.5,356.97,376.62,382.0
p500,pipe,377.5,356.97,379.27,306.9,378.38,331.94
p501,pipe,379.27,306.9,381.04,256.83,380.16,281.86
p502,pipe,381.04,256.83,382.8,206.77,381.92,231.8
p503,pipe,474.04,570.36,505.99,526.82,490.02,548.59
p504,pipe,505.99,526.82,537.93,483.28,521.96,505.05
p505,pipe,537.93,483.28,569.87,439.74,553.9,461.51
p506,pipe,323.81,290.36,326.11,243.7,324.96,267.03
p507,pipe,326.11,243.7,333.63,191.29,329.87,217.5
p508,pipe,333.63,191.29,382.8,206.77,358.22,199.03
p509,pipe,203.17,77.03,245.75,90.53,224.46,83.78
p510,pipe,245.75,90.53,288.34,104.03,267.04,97.28
p511,pipe,288.34,104.03,330.92,117.53,309.63,110.78
p512,pipe,330.92,117.53,373.51,131.03,352.22,124.28
p513,pipe,515.67,589.07,545.09,546.98,530.38,568.03
p514,pipe,545.09,546.98,574.52,504.9,559.81,525.94
p515,pipe,574.52,504.9,603.95,462.8,589.24,483.85
p516,pipe,659.8,795.05,713.91,799.8,686.86,797.42
p517,pipe,713.91,799.8,768.02,804.56,740.96,802.18
p518,pipe,659.8,795.05,668.7,746.62,664.25,770.84
p519,pipe,668.7,746.62,677.62,698.18,673.16,722.4
p520,pipe,677.62,698.18,686.52,649.74,682.07,673.96
p521,pipe,557.63,609.69,579.38,571.04,568.5,590.36
p522,pipe,579.38,571.04,601.12,532.38,590.25,551.71
p523,pipe,424.4,329.23,427.62,285.22,426.01,307.23
p524,pipe,427.62,285.22,430.85,241.21,429.24,263.22
p525,pipe,424.4,329.23,469.08,358.75,446.74,343.99
p526,pipe,469.08,358.75,513.76,388.27,491.42,373.51
p527,pipe,601.12,532.38,650.0,559.01,625.56,545.69
p528,pipe,650.0,559.01,698.87,585.63,674.44,572.32
p529,pipe,373.51,131.03,422.52,148.38,398.02,139.7
p530,pipe,422.52,148.38,471.54,165.75,447.03,157.06
p531,pipe,471.54,165.75,520.55,183.11,496.04,174.43
p532,pipe,768.02,804.56,771.97,757.28,770.0,780.92
p533,pipe,771.97,757.28,775.93,710.0,773.95,733.64
p534,pipe,775.93,710.0,779.88,662.72,777.9,686.36
p535,pipe,491.67,283.43,506.12,233.27,498.9,258.35
p536,pipe,506.12,233.27,520.55,183.11,513.34,208.19
p537,pipe,491.67,283.43,524.06,305.92,507.86,294.68
p538,pipe,524.06,305.92,556.44,328.41,540.25,317.17
p539,pipe,635.34,483.62,669.76,508.72,652.55,496.17
p540,pipe,669.76,508.72,704.16,533.84,686.96,521.28
p541,pipe,635.34,483.62,658.77,452.72,647.06,468.17
p542,pipe,658.77,452.72,682.2,421.82,670.48,437.27
p543,pipe,827.24,810.58,831.22,757.96,829.23,784.27
p544,pipe,831.22,757.96,831.65,704.97,831.44,731.46
p545,pipe,831.65,704.97,829.95,654.44,830.8,679.7
p546,pipe,829.95,654.44,843.12,600.12,836.54,627.28
p547,pipe,699.42,580.32,739.65,621.52,719.54,600.92
p548,pipe,739.65,621.52,779.88,662.72,759.76,642.12
p549,pipe,588.0,351.62,562.29,383.77,575.14,367.7
p550,pipe,562.29,383.77,536.59,415.93,549.44,399.85
p551,pipe,704.16,533.84,708.69,489.54,706.42,511.69
p552,pipe,708.69,489.54,713.2,445.23,710.94,467.38
p553,pipe,617.83,373.57,593.86,406.66,605.84,390.12
p554,pipe,593.86,406.66,569.87,439.74,581.86,423.2
p555,pipe,652.08,399.06,628.02,430.93,640.05,415.0
p556,pipe,628.02,430.93,603.95,462.8,615.98,446.86
p557,pipe,877.85,782.22,874.98,729.11,876.42,755.66
p558,pipe,874.98,729.11,872.11,676.01,873.54,702.56
p559,pipe,872.11,676.01,869.24,622.9,870.68,649.45
p560,pipe,713.2,445.23,716.34,393.05,714.77,419.14
p561,pipe,716.34,393.05,719.47,340.87,717.9,366.96
p562,pipe,571.03,196.53,569.39,234.87,570.21,215.7
p563,pipe,569.39,234.87,590.31,265.14,579.85,250.0
p564,pipe,590.31,265.14,587.32,311.51,588.82,288.32
p565,pipe,587.32,311.51,641.12,327.38,614.22,319.44
p566,pipe,641.12,327.38,719.47,340.87,680.3,334.12
p567,pipe,571.03,196.53,625.26,208.53,598.14,202.53
p568,pipe,625.26,208.53,679.49,220.52,652.38,214.52
p569,pipe,679.49,220.52,733.72,232.53,706.6,226.52
p570,pipe,912.7,758.45,915.36,714.88,914.03,736.66
p571,pipe,915.36,714.88,918.04,671.32,916.7,693.1
p572,pipe,918.04,671.32,920.7,627.75,919.37,649.54
p573,pipe,756.81,470.46,766.72,416.35,761.76,443.4
p574,pipe,766.72,416.35,776.63,362.23,771.68,389.29
p575,pipe,776.63,362.23,786.54,308.12,781.58,335.18
p576,pipe,786.54,308.12,796.45,254.0,791.5,281.06
p577,pipe,843.12,600.12,857.92,564.2,850.52,582.16
p578,pipe,857.92,564.2,872.72,528.28,865.32,546.24
p579,pipe,934.43,751.2,938.32,690.38,936.38,720.79
p580,pipe,938.32,690.38,942.22,629.54,940.27,659.96
p581,pipe,800.83,492.62,807.76,447.08,804.3,469.85
p582,pipe,807.76,447.08,814.69,401.55,811.22,424.32
p583,pipe,814.69,401.55,821.61,356.01,818.15,378.78
p584,pipe,821.61,356.01,828.53,310.47,825.07,333.24
p585,pipe,828.53,310.47,835.46,264.94,832.0,287.71
p586,pipe,719.47,340.87,726.6,286.7,723.04,313.78
p587,pipe,726.6,286.7,733.72,232.53,730.16,259.62
p588,pipe,858.56,521.58,866.55,472.69,862.56,497.14
p589,pipe,866.55,472.69,874.56,423.8,870.56,448.24
p590,pipe,874.56,423.8,882.56,374.91,878.56,399.36
p591,pipe,882.56,374.91,890.57,326.03,886.56,350.47
p592,pipe,890.57,326.03,898.57,277.14,894.57,301.58
p593,pipe,993.5,734.78,996.72,686.36,995.11,710.57
p594,pipe,996.72,686.36,999.93,637.95,998.32,662.16
p595,pipe,999.93,637.95,1003.16,589.53,1001.54,613.74
p596,pipe,893.49,538.09,902.12,487.6,897.8,512.84
p597,pipe,902.12,487.6,910.75,437.12,906.44,462.36
p598,pipe,910.75,437.12,919.39,386.63,915.07,411.88
p599,pipe,919.39,386.63,928.03,336.15,923.71,361.39
p600,pipe,928.03,336.15,936.66,285.66,932.34,310.9
p601,pipe,928.9,554.77,934.34,501.67,931.62,528.22
p602,pipe,934.34,501.67,939.77,448.58,937.06,475.12
p603,pipe,939.77,448.58,945.21,395.48,942.49,422.03
p604,pipe,945.21,395.48,950.64,342.39,947.92,368.94
p605,pipe,950.64,342.39,956.08,289.28,953.36,315.83
p606,pipe,1067.85,732.35,1054.81,679.14,1061.33,705.74
p607,pipe,1054.81,679.14,1056.46,630.41,1055.64,654.78
p608,pipe,1067.85,732.35,1099.42,725.23,1083.64,728.79
p609,pipe,1099.42,725.23,1130.99,718.1,1115.2,721.66
p610,pipe,1077.3,658.25,1104.15,688.18,1090.72,673.21
p611,pipe,1104.15,688.18,1130.99,718.1,1117.57,703.14
p612,pipe,1090.25,587.4,1089.4,537.54,1089.82,562.47
p613,pipe,1089.4,537.54,1088.53,487.69,1088.97,512.62
p614,pipe,1011.43,450.85,1016.04,401.12,1013.73,425.98
p615,pipe,1016.04,401.12,1020.63,351.38,1018.34,376.25
p616,pipe,1020.63,351.38,1025.24,301.64,1022.94,326.51
p617,pipe,1204.59,707.94,1250.78,703.35,1227.68,705.64
p618,pipe,1250.78,703.35,1302.89,698.44,1276.84,700.9
p619,pipe,1302.89,698.44,1348.76,700.57,1325.82,699.51
p620,pipe,1348.76,700.57,1395.96,701.0,1372.36,700.79
p621,pipe,1204.59,707.94,1200.6,665.63,1202.59,686.79
p622,pipe,1200.6,665.63,1196.61,623.33,1198.6,644.48
p623,pipe,1196.61,623.33,1192.63,581.02,1194.62,602.17
p624,pipe,1137.55,583.51,1137.02,532.09,1137.28,557.8
p625,pipe,1137.02,532.09,1107.83,487.78,1122.42,509.94
p626,pipe,1107.83,487.78,1109.85,431.01,1108.84,459.4
p627,pipe,1109.85,431.01,1111.86,374.23,1110.86,402.62
p628,pipe,1111.86,374.23,1113.87,317.46,1112.86,345.84
p629,pipe,1025.24,301.64,1069.56,309.55,1047.4,305.6
p630,pipe,1069.56,309.55,1113.87,317.46,1091.71,313.5
p631,pipe,1192.63,581.02,1191.15,530.85,1191.89,555.93
p632,pipe,1191.15,530.85,1189.67,480.69,1190.41,505.77
p633,pipe,1189.67,480.69,1188.2,430.51,1188.94,455.6
p634,pipe,1188.2,430.51,1186.72,380.35,1187.46,405.43
p635,pipe,1186.72,380.35,1185.25,330.18,1185.99,355.26
p636,pipe,1192.63,581.02,1244.42,578.71,1218.53,579.86
p637,pipe,1244.42,578.71,1296.22,576.4,1270.32,577.56
p638,pipe,1296.22,576.4,1348.01,574.08,1322.12,575.24
p639,pipe,1348.01,574.08,1399.8,571.76,1373.9,572.92
p640,pipe,1395.96,701.0,1446.77,705.8,1421.36,703.4
p641,pipe,1446.77,705.8,1491.26,699.57,1469.02,702.68
p642,pipe,1491.26,699.57,1534.31,677.0,1512.78,688.29
p643,pipe,1534.31,677.0,1563.84,639.4,1549.07,658.2
p644,pipe,1395.96,701.0,1397.24,657.92,1396.6,679.46
p645,pipe,1397.24,657.92,1398.52,614.85,1397.88,636.38
p646,pipe,1398.52,614.85,1399.8,571.76,1399.16,593.31
p647,pipe,1185.25,330.18,1229.78,334.88,1207.51,332.53
p648,pipe,1229.78,334.88,1274.33,339.58,1252.05,337.23
p649,pipe,1274.33,339.58,1318.87,344.28,1296.6,341.93
p650,pipe,1318.87,344.28,1363.41,348.97,1341.14,346.62
p651,pipe,1363.41,348.97,1407.95,353.67,1385.68,351.32
p652,pipe,1185.25,330.18,1221.67,351.59,1203.46,340.88
p653,pipe,1221.67,351.59,1240.85,404.62,1231.26,378.1
p654,pipe,1240.85,404.62,1258.66,457.29,1249.76,430.96
p655,pipe,1258.66,457.29,1282.94,499.35,1270.8,478.32
p656,pipe,1282.94,499.35,1329.98,513.41,1306.46,506.38
p657,pipe,1329.98,513.41,1369.15,537.26,1349.56,525.34
p658,pipe,1369.15,537.26,1399.8,571.76,1384.48,554.51
p659,pipe,1399.8,571.76,1453.18,576.91,1426.49,574.34
p660,pipe,1453.18,576.91,1506.54,582.04,1479.86,579.47
p661,pipe,1399.8,571.76,1400.09,519.86,1399.94,545.81
p662,pipe,1400.09,519.86,1398.72,459.98,1399.4,489.92
p663,pipe,1398.72,459.98,1398.51,412.03,1398.62,436.0
p664,pipe,1398.51,412.03,1407.95,353.67,1403.23,382.85
p665,pipe,1506.54,582.04,1535.19,610.72,1520.86,596.38
p666,pipe,1535.19,610.72,1563.84,639.4,1549.52,625.06
p667,pipe,1508.93,554.08,1509.11,507.78,1509.02,530.93
p668,pipe,1509.11,507.78,1509.28,461.48,1509.2,484.63
p669,pipe,1509.28,461.48,1509.45,415.17,1509.36,438.33
p670,pipe,1509.45,415.17,1509.62,368.87,1509.54,392.02
p671,pipe,1407.95,353.67,1458.79,361.27,1433.37,357.47
p672,pipe,1458.79,361.27,1509.62,368.87,1484.2,365.07
p673,pipe,1636.63,668.44,1674.79,646.09,1655.71,657.27
p674,pipe,1674.79,646.09,1712.94,623.74,1693.86,634.92
p675,pipe,1558.76,511.02,1597.52,514.45,1578.14,512.74
p676,pipe,1597.52,514.45,1636.29,517.86,1616.9,516.16
p677,pipe,1629.01,592.81,1586.15,589.44,1607.58,591.12
p678,pipe,1586.15,589.44,1543.29,586.07,1564.72,587.76
p679,pipe,1672.42,568.34,1706.96,571.61,1689.69,569.98
p680,pipe,1706.96,571.61,1754.99,555.7,1730.98,563.66
p681,pipe,1562.62,897.08,1604.61,905.72,1583.61,901.4
p682,pipe,1604.61,905.72,1646.61,914.36,1625.61,910.04
p683,pipe,1562.62,897.08,1507.73,900.61,1535.18,898.84
p684,pipe,1507.73,900.61,1452.84,904.14,1480.28,902.38
p685,pipe,1452.84,904.14,1397.95,907.67,1425.4,905.9
p686,pipe,1558.86,845.7,1600.17,843.19,1579.52,844.44
p687,pipe,1600.17,843.19,1641.48,840.68,1620.82,841.94
p688,pipe,1558.86,845.7,1540.37,811.06,1549.61,828.38
p689,pipe,1540.37,811.06,1521.88,776.43,1531.12,793.74
p690,pipe,1646.61,914.36,1696.13,920.24,1671.37,917.3
p691,pipe,1696.13,920.24,1745.66,926.11,1720.9,923.18
p692,pipe,1745.66,926.11,1795.19,931.98,1770.43,929.04
p693,pipe,1795.19,931.98,1844.71,937.86,1819.95,934.92
p694,pipe,1844.71,937.86,1894.24,943.73,1869.48,940.8
p695,pipe,1894.24,943.73,1943.76,949.61,1919.0,946.67
p696,pipe,1641.48,840.68,1639.5,801.7,1640.49,821.19
p697,pipe,1639.5,801.7,1633.64,755.86,1636.57,778.78
p698,pipe,1633.64,755.86,1653.87,715.57,1643.76,735.72
p699,pipe,1653.87,715.57,1701.44,686.96,1677.66,701.27
p700,pipe,1701.44,686.96,1752.66,674.56,1727.05,680.76
p701,pipe,1752.66,674.56,1757.58,636.18,1755.12,655.37
p702,pipe,1690.26,842.71,1742.99,840.56,1716.62,841.64
p703,pipe,1742.99,840.56,1795.73,838.42,1769.36,839.49
p704,pipe,1795.73,838.42,1848.45,836.28,1822.09,837.35
p705,pipe,1848.45,836.28,1901.18,834.14,1874.82,835.21
p706,pipe,1690.26,842.71,1693.12,888.63,1691.69,865.67
p707,pipe,1693.12,888.63,1742.2,892.35,1717.66,890.49
p708,pipe,1742.2,892.35,1796.56,895.3,1769.38,893.82
p709,pipe,1796.56,895.3,1848.07,895.32,1822.32,895.31
p710,pipe,1848.07,895.32,1904.17,894.73,1876.12,895.03
p711,pipe,1691.99,782.26,1743.54,779.95,1717.76,781.1
p712,pipe,1743.54,779.95,1795.1,777.63,1769.32,778.79
p713,pipe,1795.1,777.63,1846.64,775.31,1820.87,776.47
p714,pipe,1846.64,775.31,1898.19,772.99,1872.42,774.15
p715,pipe,1691.99,782.26,1694.43,740.22,1693.21,761.24
p716,pipe,1694.43,740.22,1757.1,733.69,1725.76,736.96
p717,pipe,1757.1,733.69,1803.15,728.38,1780.12,731.04
p718,pipe,1803.15,728.38,1849.2,723.06,1826.18,725.72
p719,pipe,1849.2,723.06,1895.25,717.74,1872.22,720.4
p720,pipe,1757.1,733.69,1755.94,692.12,1756.52,712.9
p721,pipe,1755.94,692.12,1798.11,691.81,1777.02,691.96
p722,pipe,1798.11,691.81,1849.13,690.97,1823.62,691.39
p723,pipe,1849.13,690.97,1893.1,683.37,1871.12,687.17
p724,pipe,1904.17,894.73,1954.28,894.64,1929.22,894.68
p725,pipe,1954.28,894.64,2004.39,894.55,1979.34,894.6
p726,pipe,1943.76,949.61,1996.25,948.37,1970.0,948.99
p727,pipe,1996.25,948.37,2048.73,947.13,2022.49,947.75
p728,pipe,2048.73,947.13,2101.21,945.9,2074.97,946.52
p729,pipe,2004.39,894.55,2008.51,838.17,2006.45,866.36
p730,pipe,2008.51,838.17,2010.38,787.87,2009.45,813.02
p731,pipe,2010.38,787.87,2011.09,725.66,2010.74,756.76
p732,pipe,2011.09,725.66,1998.45,693.21,2004.77,709.44
p733,pipe,2046.96,894.6,2048.98,844.01,2047.97,869.3
p734,pipe,2048.98,844.01,2050.98,793.42,2049.98,818.71
p735,pipe,2050.98,793.42,2053.0,742.84,2051.99,768.13
p736,pipe,2053.0,742.84,2055.01,692.25,2054.0,717.54
p737,pipe,1771.99,413.95,1796.76,388.13,1784.38,401.04
p738,pipe,1796.76,388.13,1848.77,391.16,1822.76,389.64
p739,pipe,2101.21,945.9,2149.97,952.42,2125.59,949.16
p740,pipe,2149.97,952.42,2200.94,951.41,2175.46,951.92
p741,pipe,2200.94,951.41,2247.08,957.97,2224.01,954.69
p742,pipe,2247.08,957.97,2293.71,965.39,2270.4,961.68
p743,pipe,2293.71,965.39,2343.68,976.6,2318.69,971.0
p744,pipe,2343.68,976.6,2393.77,985.03,2368.72,980.82
p745,pipe,1952.82,622.69,1947.14,578.6,1949.98,600.64
p746,pipe,1947.14,578.6,1941.47,534.52,1944.3,556.56
p747,pipe,1941.47,534.52,1935.8,490.43,1938.64,512.48
p748,pipe,1935.8,490.43,1930.12,446.34,1932.96,468.38
p749,pipe,1998.45,693.21,1990.57,655.35,1994.51,674.28
p750,pipe,1990.57,655.35,1982.68,617.48,1986.62,636.42
p751,pipe,1982.68,617.48,2031.66,600.44,2007.17,608.96
p752,pipe,2031.66,600.44,2080.64,583.4,2056.15,591.92
p753,pipe,2162.96,890.35,2220.36,891.08,2191.66,890.72
p754,pipe,2220.36,891.08,2277.74,891.8,2249.05,891.44
p755,pipe,2162.96,890.35,2164.96,839.55,2163.96,864.95
p756,pipe,2164.96,839.55,2166.95,788.76,2165.96,814.16
p757,pipe,2166.95,788.76,2168.95,737.97,2167.95,763.36
p758,pipe,1925.52,395.4,1975.76,397.91,1950.64,396.66
p759,pipe,1975.76,397.91,2026.0,400.45,2000.88,399.18
p760,pipe,2026.0,400.45,2076.24,402.96,2051.12,401.7
p761,pipe,2118.18,680.81,2101.51,626.53,2109.85,653.67
p762,pipe,2101.51,626.53,2080.64,583.4,2091.07,604.96
p763,pipe,2168.95,737.97,2218.47,734.57,2193.71,736.27
p764,pipe,2218.47,734.57,2267.98,731.19,2243.22,732.88
p765,pipe,2267.98,731.19,2317.5,727.79,2292.74,729.49
p766,pipe,2317.5,727.79,2367.0,724.4,2342.25,726.1
p767,pipe,2101.07,568.83,2097.23,525.5,2099.15,547.16
p768,pipe,2097.23,525.5,2093.38,482.16,2095.31,503.83
p769,pipe,2101.07,568.83,2148.93,543.97,2125.0,556.4
p770,pipe,2148.93,543.97,2196.79,519.11,2172.86,531.54
p771,pipe,2200.09,674.83,2249.12,671.84,2224.6,673.34
p772,pipe,2249.12,671.84,2298.14,668.85,2273.63,670.34
p773,pipe,2298.14,668.85,2347.17,665.86,2322.65,667.36
p774,pipe,2093.38,482.16,2084.82,442.56,2089.1,462.36
p775,pipe,2084.82,442.56,2076.24,402.96,2080.53,422.76
p776,pipe,2393.77,985.03,2441.95,996.02,2417.86,990.52
p777,pipe,2441.95,996.02,2490.13,1007.01,2466.04,1001.52
p778,pipe,2490.13,1007.01,2538.32,1018.0,2514.23,1012.5
p779,pipe,2538.32,1018.0,2586.51,1028.99,2562.42,1023.5
p780,pipe,2586.51,1028.99,2634.69,1039.98,2610.6,1034.49
p781,pipe,2634.69,1039.98,2682.87,1050.98,2658.78,1045.48
p782,pipe,2076.24,402.96,2118.1,403.1,2097.17,403.03
p783,pipe,2118.1,403.1,2159.96,403.23,2139.03,403.16
p784,pipe,2159.96,403.23,2201.82,403.37,2180.89,403.3
p785,pipe,2198.62,603.33,2246.41,600.15,2222.52,601.74
p786,pipe,2246.41,600.15,2294.22,596.98,2270.31,598.57
p787,pipe,2294.22,596.98,2342.02,593.81,2318.12,595.4
p788,pipe,2409.17,938.26,2452.31,948.07,2430.74,943.16
p789,pipe,2452.31,948.07,2495.43,957.88,2473.87,952.98
p790,pipe,2495.43,957.88,2538.56,967.69,2517.0,962.79
p791,pipe,2197.04,535.91,2242.12,535.04,2219.58,535.47
p792,pipe,2242.12,535.04,2288.94,530.9,2265.53,532.97
p793,pipe,2288.94,530.9,2335.04,529.47,2311.99,530.18
p794,pipe,2335.04,529.47,2342.02,593.81,2338.53,561.64
p795,pipe,2196.9,506.88,2231.84,492.67,2214.37,499.78
p796,pipe,2231.84,492.67,2266.76,478.46,2249.3,485.56
p797,pipe,2196.9,506.88,2199.37,455.13,2198.14,481.0
p798,pipe,2199.37,455.13,2201.82,403.37,2200.6,429.25
p799,pipe,2426.89,885.77,2487.09,884.88,2456.99,885.32
p800,pipe,2487.09,884.88,2547.28,884.0,2517.19,884.44
p801,pipe,2429.12,832.94,2481.92,831.1,2455.52,832.02
p802,pipe,2481.92,831.1,2534.72,829.27,2508.32,830.18
p803,pipe,2534.72,829.27,2587.5,827.44,2561.11,828.36
p804,pipe,2587.5,827.44,2640.3,825.61,2613.9,826.53
p805,pipe,2640.3,825.61,2693.1,823.77,2666.7,824.69
p806,pipe,2201.82,403.37,2248.82,402.02,2225.32,402.7
p807,pipe,2248.82,402.02,2295.81,400.66,2272.32,401.34
p808,pipe,2295.81,400.66,2342.81,399.31,2319.31,399.98
p809,pipe,2342.81,399.31,2389.8,397.95,2366.31,398.63
p810,pipe,2389.8,397.95,2436.8,396.6,2413.3,397.28
p811,pipe,2436.8,396.6,2483.8,395.24,2460.3,395.92
p812,pipe,2425.74,786.58,2473.87,784.38,2449.8,785.48
p813,pipe,2473.87,784.38,2522.0,782.19,2497.94,783.29
p814,pipe,2522.0,782.19,2570.13,779.99,2546.06,781.09
p815,pipe,2570.13,779.99,2618.27,777.79,2594.2,778.89
p816,pipe,2618.27,777.79,2666.4,775.59,2642.34,776.69
p817,pipe,2666.4,775.59,2714.53,773.4,2690.46,774.5
p818,pipe,2714.53,773.4,2762.66,771.21,2738.6,772.3
p819,pipe,2538.56,967.69,2588.98,979.19,2563.77,973.44
p820,pipe,2588.98,979.19,2646.7,993.94,2617.84,986.56
p821,pipe,2646.7,993.94,2673.29,940.08,2660.0,967.01
p822,pipe,2408.92,721.88,2459.66,718.99,2434.29,720.44
p823,pipe,2459.66,718.99,2510.41,716.11,2485.04,717.55
p824,pipe,2510.41,716.11,2561.15,713.22,2535.78,714.66
p825,pipe,2561.15,713.22,2611.89,710.35,2586.52,711.79
p826,pipe,2611.89,710.35,2662.64,707.46,2637.26,708.9
p827,pipe,2662.64,707.46,2713.39,704.58,2688.02,706.02
p828,pipe,2713.39,704.58,2764.13,701.69,2738.76,703.14
p829,pipe,2412.43,668.54,2449.91,666.37,2431.17,667.46
p830,pipe,2449.91,666.37,2487.38,664.19,2468.64,665.28
p831,pipe,2412.43,668.54,2409.48,622.7,2410.96,645.62
p832,pipe,2409.48,622.7,2405.53,564.31,2407.5,593.5
p833,pipe,2405.53,564.31,2411.41,522.16,2408.47,543.23
p834,pipe,2547.28,884.0,2594.19,889.35,2570.74,886.68
p835,pipe,2594.19,889.35,2641.08,894.72,2617.64,892.04
p836,pipe,2641.08,894.72,2687.99,900.08,2664.54,897.4
p837,pipe,2576.89,923.8,2625.09,931.94,2600.99,927.87
p838,pipe,2625.09,931.94,2673.29,940.08,2649.19,936.01
p839,pipe,2682.87,1050.98,2706.11,999.69,2694.49,1025.34
p840,pipe,2706.11,999.69,2727.17,950.91,2716.64,975.3
p841,pipe,2727.17,950.91,2740.36,904.38,2733.77,927.64
p842,pipe,2740.36,904.38,2750.64,847.75,2745.5,876.06
p843,pipe,2487.38,664.19,2534.19,661.42,2510.78,662.8
p844,pipe,2534.19,661.42,2581.0,658.66,2557.6,660.04
p845,pipe,2581.0,658.66,2627.82,655.9,2604.41,657.28
p846,pipe,2627.82,655.9,2674.62,653.14,2651.22,654.52
p847,pipe,2674.62,653.14,2721.42,650.38,2698.02,651.76
p848,pipe,2721.42,650.38,2768.23,647.61,2744.82,649.0
p849,pipe,2719.49,1060.34,2753.41,1018.17,2736.45,1039.25
p850,pipe,2753.41,1018.17,2771.3,975.8,2762.36,996.98
p851,pipe,2771.3,975.8,2789.58,940.06,2780.44,957.93
p852,pipe,2789.58,940.06,2802.18,898.45,2795.88,919.26
p853,pipe,2802.18,898.45,2811.17,856.43,2806.68,877.44
p854,pipe,2411.1,516.74,2412.37,471.08,2411.73,493.91
p855,pipe,2412.37,471.08,2476.94,457.71,2444.65,464.4
p856,pipe,2483.71,601.56,2531.97,598.27,2507.84,599.92
p857,pipe,2531.97,598.27,2580.23,594.98,2556.1,596.62
p858,pipe,2580.23,594.98,2628.5,591.7,2604.36,593.34
p859,pipe,2628.5,591.7,2676.76,588.4,2652.63,590.05
p860,pipe,2676.76,588.4,2725.02,585.11,2700.89,586.76
p861,pipe,2725.02,585.11,2773.28,581.82,2749.15,583.46
p862,pipe,2480.63,546.14,2525.67,543.31,2503.15,544.72
p863,pipe,2525.67,543.31,2570.71,540.48,2548.19,541.9
p864,pipe,2570.71,540.48,2615.75,537.65,2593.23,539.07
p865,pipe,2687.99,900.08,2690.54,861.93,2689.26,881.0
p866,pipe,2690.54,861.93,2693.1,823.77,2691.82,842.85
p867,pipe,2478.53,499.12,2518.25,496.5,2498.39,497.81
p868,pipe,2518.25,496.5,2557.96,493.87,2538.1,495.18
p869,pipe,2476.35,445.43,2516.01,442.21,2496.18,443.82
p870,pipe,2516.01,442.21,2555.67,439.01,2535.84,440.61
p871,pipe,2483.8,395.24,2522.09,396.82,2502.95,396.03
p872,pipe,2522.09,396.82,2560.37,398.41,2541.23,397.62
p873,pipe,2557.96,493.87,2612.76,495.03,2585.36,494.45
p874,pipe,2612.76,495.03,2615.75,537.65,2614.26,516.34
p875,pipe,2615.75,537.65,2670.96,532.39,2643.36,535.02
p876,pipe,2670.96,532.39,2708.51,543.91,2689.74,538.15
p877,pipe,2708.51,543.91,2772.13,534.16,2740.32,539.04
p878,pipe,2811.17,856.43,2814.63,805.61,2812.9,831.02
p879,pipe,2814.63,805.61,2818.1,754.79,2816.36,780.2
p880,pipe,2818.1,754.79,2821.57,703.97,2819.84,729.38
p881,pipe,2821.57,703.97,2825.03,653.13,2823.3,678.55
p882,pipe,2825.03,653.13,2828.5,602.31,2826.77,627.72
p883,pipe,2828.5,602.31,2831.97,551.49,2830.23,576.9
p884,pipe,2831.97,551.49,2835.43,500.67,2833.7,526.08
p885,pipe,2560.37,398.41,2614.73,390.2,2587.55,394.3
p886,pipe,2614.73,390.2,2669.1,381.98,2641.92,386.09
p887,pipe,2669.1,381.98,2723.45,373.77,2696.27,377.88
p888,pipe,2723.45,373.77,2777.81,365.56,2750.63,369.66
p889,pipe,2835.43,500.67,2828.16,456.05,2831.8,478.36
p890,pipe,2828.16,456.05,2820.89,411.44,2824.52,433.74
p891,pipe,2777.81,365.56,2808.79,364.69,2793.3,365.12
p892,pipe,2808.79,364.69,2820.89,411.44,2814.84,388.06
p893,pipe,1397.95,907.67,1356.19,927.44,1377.07,917.56
p894,pipe,1356.19,927.44,1314.42,947.21,1335.3,937.32
p895,pipe,1521.88,776.43,1561.01,740.81,1541.45,758.62
p896,pipe,1561.01,740.81,1600.13,705.2,1580.57,723.0
p897,pipe,1521.88,776.43,1487.17,801.53,1504.52,788.98
p898,pipe,1487.17,801.53,1452.46,826.63,1469.82,814.08
p899,pipe,1452.46,826.63,1417.76,851.74,1435.11,839.18
p900,pipe,1521.88,776.43,1487.84,761.07,1504.86,768.75
p901,pipe,1487.84,761.07,1440.88,763.0,1464.36,762.04
p902,pipe,1440.88,763.0,1391.36,762.78,1416.12,762.89
p903,pipe,1391.36,762.78,1404.56,807.26,1397.96,785.02
p904,pipe,1404.56,807.26,1417.76,851.74,1411.16,829.5
p905,pipe,574.86,1216.08,570.9,1208.08,572.88,1212.08
PUMP_1,pump,621.8,1124.08,573.35,1142.78,597.58,1133.43
PRV-1,valve,2737.79,1065.03,2719.49,1060.34,2728.64,1062.68
PRV-2,valve,449.24,770.4,458.67,732.35,453.96,751.38
PRV-3,valve,1757.58,636.18,1712.94,623.74,1735.26,629.96
