feature,validation_auc_drop_mean,validation_auc_drop_std,test_auc_drop_mean,test_auc_drop_std,mdi_importance
P_n229,0.05568,0.00242,0.16672,0.00059,0.09141
P_n613,0.04819,0.00159,0.08851,0.0004,0.01436
P_n188,0.04425,0.00168,0.07674,0.00069,0.0128
P_n752,0.02641,0.00063,0.0684,0.00042,0.0117
P_n506,0.0218,0.00098,0.04389,0.00106,0.03384
pressure_max,0.02077,0.00105,0.04116,0.0008,0.02234
flow_std,0.02974,0.00151,0.03893,0.0004,0.01818
P_n288,0.00202,0.00069,0.03753,0.00023,0.00805
flow_mean,0.01258,0.00019,0.036,0.00023,0.00711
flow_total,0.01181,4e-05,0.03466,0.00033,0.00685
hour_sin,0.01406,0.00019,0.03408,0.0001,0.01701
P_n549,0.02014,0.00083,0.03077,0.00039,0.01714
P_n332,0.02308,0.00088,0.03041,0.00064,0.01669
P_n163,0.01825,0.00072,0.0269,0.0004,0.00647
P_n54,0.01417,0.0003,0.02441,0.00011,0.00655
pressure_std,-0.01119,0.00114,0.02389,0.00035,0.12715
P_n726,0.00214,0.00077,0.02287,0.00031,0.00922
demand_mean,0.01017,0.00015,0.02129,0.00029,0.00754
demand_total,0.01008,0.00016,0.02075,0.00023,0.00655
P_n410,0.0068,0.00028,0.02064,0.00022,0.00423
P_n769,-0.00171,0.00077,0.01954,0.00017,0.00754
P_n429,0.00979,0.00026,0.01906,0.00012,0.00675
P_n342,0.01711,0.00027,0.01807,0.00021,0.00778
P_n458,0.01418,0.00053,0.01662,0.00014,0.006
P_n415,0.0071,0.0002,0.0166,8e-05,0.00479
F_PUMP_1,0.02262,0.00029,0.01657,0.00023,0.01695
F_p235,0.00663,0.00082,0.01633,0.00055,0.02017
P_n644,0.0016,0.0005,0.01623,0.00044,0.0051
P_n679,-0.00295,0.00081,0.01518,0.00022,0.00521
P_n519,0.0097,0.00058,0.01297,0.00019,0.00663
P_n740,0.00403,0.00048,0.01257,0.00027,0.00642
P_n636,0.00196,0.00043,0.01218,0.00015,0.00497
F_p227,0.00033,0.00039,0.01197,0.00032,0.00532
P_n722,0.00413,0.00026,0.01165,0.00031,0.00628
P_n296,0.00481,0.00015,0.01069,0.00017,0.00576
P_n105,0.0091,0.00066,0.01051,0.00038,0.03348
pressure_range,-0.00072,0.00045,0.00981,0.00044,0.06864
P_n31,-0.00196,0.00035,0.00932,0.00021,0.01063
tank_level,-0.00136,0.00049,0.00904,0.00029,0.01247
P_n469,0.00556,0.00038,0.00853,0.00062,0.03499
tank_level_diff_30m,0.0336,0.00052,0.0083,0.0002,0.00697
hour_cos,0.00626,0.00028,0.00801,0.0002,0.01068
P_n1,-0.00598,0.00023,0.00705,5e-05,0.00697
P_n516,0.00552,0.00046,0.00676,0.00035,0.01639
pressure_mean,0.00144,0.00045,0.00659,0.00038,0.00352
P_n495,0.00734,0.00025,0.00583,0.00024,0.01057
P_n114,0.00667,0.00024,0.00572,0.00037,0.05274
demand_std,0.00121,6e-05,0.00562,9e-05,0.00478
pressure_min,-0.00422,0.00026,0.00558,5e-05,0.00693
P_n4,0.00941,0.0003,0.00512,0.00025,0.00992
pressure_std_diff_30m,0.00157,0.00026,0.00341,0.0001,0.00283
tank_level_diff_5m,0.00513,0.00012,0.0032,2e-05,0.00205
flow_total_diff_30m,0.00053,0.00012,0.00202,5e-05,0.00249
P_n215,0.00221,6e-05,0.00185,0.00021,0.13277
pressure_mean_diff_30m,0.00135,0.00012,0.00146,7e-05,0.00263
pressure_std_diff_5m,0.00103,3e-05,0.00144,4e-05,0.00159
pressure_mean_diff_5m,0.00087,4e-05,0.00136,8e-05,0.00151
flow_total_diff_5m,0.00095,5e-05,0.00127,6e-05,0.00165
pressure_min_diff_30m,-0.00064,0.00024,0.00071,4e-05,0.00147
pressure_min_diff_5m,0.00021,5e-05,0.00027,3e-05,0.00041
