feature,train_normal_median,train_normal_q05,train_normal_q95,train_normal_std
P_n215,39.09,39.07,39.1,0.008649850389216337
pressure_std,7.4466012686691805,7.3582609960743826,7.563610922660805,0.06426607820766313
P_n229,52.24,51.35,53.24,0.5688841888667096
pressure_range,27.959999999999997,27.479999999999997,28.7,0.38539214691660556
P_n114,53.71,53.12,54.39,0.38615462138498835
P_n469,47.3,46.8,47.89,0.3329023558329971
P_n506,53.29,52.76,53.92,0.3569393627454829
P_n105,50.29,49.8,50.87,0.3271720759198844
pressure_max,56.17,55.58,56.87,0.39555895879762104
F_p235,103.97,38.14,138.56799999999996,30.148064674853426
flow_std,42.24972702081438,7.782988694368143,64.987365283677,17.230821811659105
P_n549,54.5,53.83,55.3,0.44797953316818623
pressure_mean,46.29787878787878,45.66515151515152,47.07363636363636,0.42835490377376106
flow_total,221.42,72.36800000000001,313.63,69.66133621141701
demand_total,17721.970000000005,5352.946000000001,29791.101999999966,7315.875799885512
tank_level,3.08,2.44,3.84,0.45981320636230577
