slot,n1,n4,n31,n54,n105,n114,n163,n188,n215,n229,n288,n296,n332,n342,n410,n415,n429,n458,n469,n495,n506,n516,n519,n549,n613,n636,n644,n679,n722,n726,n740,n752,n769
0,28.47,33.55,36.85,36.87,50.37,53.815,52.315,55.075,39.09,52.305,52.65,42.34,56.25,46.5,30.8,45.38,36.535,43.26,47.39,51.59,53.38,54.66,47.355,54.6,55.905,45.35,47.43,47.17,46.02,46.965,43.75,49.01,48.38
1,28.485,33.565,36.86,36.87,50.38,53.82,52.335,55.09,39.09,52.32,52.66,42.35,56.26,46.51,30.805,45.39,36.535,43.285,47.395,51.59,53.39,54.67,47.36,54.605,55.935,45.35,47.435,47.18,46.03,46.975,43.75,49.025,48.395
2,28.5,33.58,36.88,36.895,50.4,53.85,52.36,55.12,39.09,52.355,52.69,42.36,56.285,46.54,30.83,45.41,36.57,43.3,47.42,51.61,53.41,54.7,47.385,54.64,55.95,45.38,47.465,47.2,46.045,47,43.76,49.05,48.41
3,28.51,33.6,36.885,36.905,50.41,53.86,52.365,55.125,39.09,52.355,52.695,42.37,56.29,46.54,30.845,45.42,36.57,43.31,47.43,51.62,53.42,54.71,47.39,54.64,55.96,45.38,47.47,47.2,46.05,47.005,43.76,49.055,48.415
4,28.52,33.61,36.9,36.97,50.43,53.88,52.43,55.185,39.09,52.42,52.73,42.39,56.33,46.605,30.91,45.48,36.64,43.375,47.45,51.63,53.44,54.74,47.445,54.68,56.025,45.43,47.52,47.25,46.08,47.04,43.78,49.09,48.44
5,28.54,33.63,36.91,36.985,50.45,53.9,52.43,55.19,39.09,52.425,52.745,42.4,56.34,46.62,30.925,45.48,36.655,43.38,47.46,51.64,53.46,54.76,47.45,54.7,56.03,45.435,47.52,47.26,46.09,47.055,43.78,49.1,48.45
6,28.55,33.64,36.925,37.015,50.47,53.92,52.46,55.215,39.09,52.46,52.77,42.415,56.36,46.645,30.955,45.51,36.685,43.41,47.48,51.655,53.48,54.78,47.48,54.72,56.055,45.46,47.56,47.28,46.11,47.075,43.79,49.12,48.47
7,28.57,33.65,36.94,37.025,50.48,53.93,52.47,55.23,39.09,52.47,52.775,42.42,56.38,46.655,30.97,45.525,36.695,43.42,47.49,51.665,53.49,54.8,47.49,54.74,56.07,45.475,47.57,47.29,46.115,47.08,43.795,49.13,48.475
8,28.59,33.67,36.96,37.055,50.49,53.94,52.5,55.26,39.09,52.49,52.8,42.43,56.39,46.69,30.995,45.555,36.72,43.46,47.505,51.67,53.5,54.815,47.52,54.76,56.105,45.49,47.585,47.31,46.13,47.1,43.8,49.15,48.49
9,28.6,33.685,36.97,37.08,50.5,53.96,52.52,55.28,39.09,52.51,52.81,42.44,56.41,46.71,31.02,45.58,36.74,43.475,47.52,51.68,53.52,54.835,47.54,54.775,56.115,45.51,47.61,47.32,46.14,47.12,43.81,49.17,48.5
10,28.62,33.7,36.98,37.115,50.52,53.98,52.56,55.31,39.09,52.555,52.83,42.46,56.43,46.74,31.06,45.61,36.78,43.51,47.54,51.7,53.54,54.85,47.575,54.79,56.16,45.535,47.635,47.345,46.16,47.14,43.82,49.19,48.51
11,28.63,33.71,36.995,37.13,50.53,53.99,52.55,55.31,39.09,52.56,52.855,42.47,56.43,46.745,31.08,45.605,36.8,43.505,47.545,51.7,53.55,54.86,47.57,54.805,56.15,45.55,47.655,47.36,46.17,47.155,43.82,49.2,48.53
12,28.64,33.725,37,37.15,50.54,54.01,52.595,55.35,39.09,52.59,52.865,42.47,56.45,46.775,31.1,45.64,36.82,43.55,47.55,51.71,53.56,54.88,47.61,54.82,56.19,45.57,47.67,47.375,46.18,47.165,43.83,49.21,48.54
13,28.66,33.73,37.01,37.18,50.56,54.03,52.615,55.37,39.09,52.62,52.88,42.49,56.47,46.8,31.125,45.665,36.85,43.57,47.58,51.72,53.58,54.91,47.63,54.85,56.21,45.59,47.7,47.39,46.19,47.18,43.83,49.23,48.55
14,28.675,33.745,37.015,37.21,50.57,54.05,52.65,55.4,39.09,52.63,52.9,42.5,56.49,46.83,31.16,45.69,36.88,43.605,47.59,51.73,53.6,54.92,47.66,54.87,56.25,45.61,47.71,47.41,46.205,47.2,43.84,49.25,48.56
15,28.68,33.75,37.03,37.22,50.58,54.06,52.66,55.41,39.1,52.65,52.91,42.5,56.5,46.84,31.17,45.7,36.89,43.615,47.6,51.74,53.61,54.94,47.67,54.88,56.25,45.61,47.72,47.42,46.21,47.21,43.84,49.26,48.57
16,28.69,33.76,37.04,37.25,50.6,54.08,52.69,55.435,39.1,52.68,52.93,42.52,56.52,46.87,31.19,45.73,36.91,43.64,47.62,51.75,53.62,54.96,47.69,54.91,56.28,45.64,47.75,47.44,46.23,47.23,43.85,49.28,48.58
17,28.705,33.775,37.05,37.275,50.61,54.09,52.7,55.45,39.1,52.705,52.94,42.53,56.535,46.89,31.22,45.745,36.94,43.66,47.63,51.76,53.63,54.97,47.71,54.92,56.3,45.66,47.77,47.45,46.24,47.24,43.86,49.29,48.59
18,28.72,33.79,37.06,37.29,50.61,54.1,52.71,55.465,39.1,52.71,52.96,42.54,56.545,46.905,31.24,45.76,36.95,43.67,47.63,51.76,53.64,54.97,47.725,54.93,56.31,45.67,47.78,47.47,46.25,47.25,43.86,49.31,48.6
19,28.73,33.8,37.08,37.3,50.63,54.11,52.73,55.48,39.1,52.72,52.965,42.54,56.56,46.92,31.25,45.77,36.97,43.69,47.65,51.77,53.66,54.995,47.74,54.94,56.33,45.68,47.79,47.47,46.25,47.26,43.86,49.31,48.61
20,28.74,33.805,37.08,37.35,50.65,54.14,52.77,55.53,39.1,52.77,52.985,42.55,56.59,46.96,31.295,45.82,37.01,43.735,47.67,51.79,53.68,55.03,47.78,54.98,56.37,45.71,47.82,47.495,46.27,47.28,43.87,49.33,48.62
21,28.75,33.82,37.1,37.355,50.65,54.14,52.775,55.53,39.1,52.77,53,42.56,56.59,46.97,31.305,45.82,37.02,43.74,47.67,51.79,53.68,55.025,47.78,54.98,56.38,45.71,47.83,47.51,46.28,47.29,43.88,49.34,48.63
22,28.765,33.83,37.1,37.37,50.66,54.15,52.8,55.55,39.1,52.79,53.01,42.57,56.6,46.98,31.32,45.84,37.035,43.76,47.68,51.8,53.69,55.04,47.8,54.99,56.395,45.73,47.85,47.52,46.29,47.3,43.88,49.35,48.64
23,28.78,33.84,37.12,37.39,50.67,54.16,52.81,55.56,39.1,52.8,53.02,42.58,56.61,47,31.335,45.85,37.05,43.77,47.69,51.81,53.705,55.05,47.81,55.01,56.41,45.735,47.85,47.53,46.29,47.31,43.88,49.36,48.645
24,28.795,33.86,37.13,37.4,50.68,54.18,52.82,55.57,39.1,52.82,53.03,42.58,56.625,47.01,31.35,45.86,37.06,43.78,47.7,51.81,53.72,55.065,47.83,55.02,56.42,45.75,47.87,47.54,46.3,47.32,43.89,49.37,48.65
25,28.81,33.87,37.145,37.42,50.69,54.18,52.83,55.585,39.1,52.84,53.04,42.59,56.63,47.025,31.37,45.88,37.08,43.8,47.705,51.82,53.72,55.07,47.84,55.025,56.435,45.76,47.88,47.55,46.31,47.33,43.89,49.38,48.66
26,28.815,33.88,37.155,37.42,50.69,54.19,52.845,55.6,39.1,52.845,53.05,42.6,56.64,47.035,31.37,45.89,37.09,43.81,47.71,51.82,53.72,55.08,47.85,55.035,56.45,45.77,47.89,47.56,46.32,47.34,43.9,49.39,48.67
27,28.84,33.9,37.17,37.44,50.7,54.2,52.86,55.61,39.1,52.855,53.06,42.6,56.65,47.05,31.39,45.9,37.11,43.83,47.72,51.83,53.74,55.09,47.86,55.05,56.465,45.78,47.9,47.57,46.32,47.34,43.9,49.4,48.67
28,28.85,33.91,37.18,37.445,50.7,54.2,52.86,55.61,39.1,52.86,53.06,42.6,56.65,47.05,31.39,45.9,37.11,43.83,47.72,51.83,53.74,55.1,47.86,55.05,56.46,45.78,47.91,47.57,46.33,47.35,43.9,49.4,48.68
29,28.865,33.93,37.2,37.47,50.71,54.215,52.88,55.63,39.1,52.88,53.07,42.61,56.66,47.07,31.42,45.925,37.13,43.85,47.73,51.84,53.75,55.11,47.885,55.06,56.48,45.8,47.92,47.58,46.33,47.35,43.9,49.41,48.68
30,28.88,33.935,37.22,37.47,50.72,54.215,52.88,55.63,39.1,52.89,53.08,42.61,56.67,47.075,31.42,45.93,37.13,43.85,47.74,51.84,53.76,55.11,47.885,55.07,56.49,45.8,47.925,47.585,46.34,47.36,43.91,49.42,48.69
31,28.9,33.96,37.24,37.48,50.73,54.23,52.9,55.65,39.1,52.9,53.09,42.62,56.68,47.09,31.43,45.94,37.15,43.86,47.75,51.85,53.77,55.13,47.9,55.09,56.5,45.81,47.93,47.59,46.34,47.37,43.91,49.42,48.69
32,28.92,33.98,37.25,37.5,50.73,54.24,52.91,55.66,39.1,52.91,53.09,42.62,56.69,47.11,31.45,45.96,37.16,43.88,47.75,51.85,53.77,55.13,47.91,55.09,56.52,45.82,47.95,47.6,46.35,47.37,43.91,49.43,48.7
33,28.92,33.98,37.26,37.5,50.74,54.24,52.93,55.67,39.1,52.92,53.1,42.63,56.69,47.11,31.46,45.97,37.17,43.89,47.76,51.85,53.78,55.14,47.92,55.1,56.52,45.83,47.95,47.61,46.35,47.38,43.91,49.44,48.7
34,28.93,34,37.27,37.52,50.74,54.24,52.93,55.68,39.1,52.93,53.11,42.63,56.7,47.12,31.47,45.97,37.18,43.9,47.76,51.86,53.78,55.14,47.93,55.1,56.53,45.84,47.96,47.61,46.36,47.39,43.92,49.44,48.71
35,28.95,34.01,37.28,37.54,50.75,54.26,52.95,55.69,39.1,52.95,53.12,42.64,56.71,47.14,31.49,45.99,37.2,43.92,47.77,51.87,53.79,55.16,47.95,55.12,56.55,45.85,47.98,47.63,46.37,47.4,43.92,49.46,48.72
36,28.96,34.02,37.29,37.53,50.75,54.26,52.94,55.69,39.1,52.93,53.12,42.64,56.71,47.13,31.48,45.98,37.19,43.91,47.77,51.86,53.79,55.15,47.94,55.12,56.54,45.84,47.97,47.62,46.37,47.39,43.92,49.45,48.71
37,28.97,34.03,37.3,37.56,50.76,54.27,52.96,55.71,39.1,52.97,53.13,42.64,56.72,47.15,31.51,46.01,37.22,43.93,47.78,51.87,53.8,55.17,47.96,55.13,56.57,45.86,47.99,47.64,46.37,47.41,43.92,49.46,48.72
38,28.98,34.03,37.31,37.56,50.76,54.27,52.97,55.72,39.1,52.96,53.13,42.65,56.72,47.16,31.51,46.01,37.22,43.94,47.78,51.87,53.8,55.17,47.96,55.13,56.57,45.87,47.99,47.64,46.37,47.41,43.92,49.46,48.72
39,28.99,34.05,37.32,37.57,50.77,54.28,52.98,55.73,39.1,52.98,53.14,42.65,56.74,47.17,31.52,46.02,37.23,43.95,47.8,51.88,53.82,55.18,47.98,55.15,56.58,45.87,48,47.64,46.38,47.41,43.93,49.47,48.73
40,29,34.06,37.34,37.57,50.77,54.28,52.98,55.73,39.1,52.98,53.14,42.65,56.73,47.17,31.52,46.02,37.23,43.95,47.79,51.88,53.81,55.18,47.98,55.14,56.58,45.88,48,47.65,46.38,47.42,43.93,49.47,48.73
41,29.01,34.07,37.34,37.58,50.77,54.29,52.98,55.73,39.1,52.98,53.15,42.65,56.74,47.18,31.53,46.02,37.24,43.95,47.79,51.88,53.82,55.19,47.98,55.15,56.59,45.88,48.01,47.65,46.38,47.42,43.93,49.48,48.73
42,29.02,34.08,37.35,37.58,50.77,54.28,52.99,55.74,39.1,52.99,53.15,42.66,56.74,47.18,31.53,46.03,37.24,43.96,47.8,51.88,53.82,55.19,47.99,55.15,56.59,45.88,48.01,47.65,46.39,47.43,43.93,49.48,48.74
43,29.04,34.1,37.37,37.6,50.78,54.29,53,55.75,39.1,53,53.16,42.66,56.75,47.2,31.56,46.04,37.27,43.97,47.8,51.89,53.83,55.19,47.99,55.16,56.6,45.89,48.02,47.66,46.39,47.43,43.93,49.49,48.74
44,29.04,34.11,37.38,37.61,50.78,54.29,53.01,55.76,39.1,53.01,53.16,42.66,56.75,47.2,31.57,46.05,37.27,43.98,47.8,51.89,53.83,55.19,48,55.16,56.61,45.9,48.02,47.67,46.39,47.43,43.93,49.49,48.74
45,29.05,34.12,37.39,37.63,50.79,54.31,53.02,55.77,39.1,53.02,53.17,42.67,56.76,47.22,31.58,46.06,37.29,43.99,47.81,51.89,53.84,55.21,48.01,55.18,56.62,45.91,48.04,47.68,46.4,47.44,43.94,49.5,48.75
46,29.06,34.13,37.4,37.65,50.8,54.31,53.03,55.78,39.1,53.04,53.18,42.68,56.77,47.24,31.61,46.08,37.31,44.01,47.82,51.9,53.84,55.22,48.03,55.19,56.64,45.93,48.05,47.68,46.41,47.45,43.94,49.51,48.75
47,29.07,34.15,37.41,37.66,50.8,54.32,53.05,55.79,39.1,53.06,53.19,42.68,56.78,47.25,31.62,46.09,37.32,44.02,47.82,51.9,53.85,55.22,48.04,55.2,56.65,45.93,48.06,47.69,46.42,47.46,43.94,49.52,48.76
48,29.08,34.16,37.43,37.65,50.8,54.31,53.04,55.78,39.1,53.04,53.18,42.68,56.77,47.24,31.61,46.08,37.32,44.01,47.82,51.9,53.85,55.22,48.03,55.19,56.64,45.93,48.06,47.69,46.41,47.45,43.94,49.51,48.76
49,29.08,34.17,37.44,37.66,50.81,54.32,53.05,55.8,39.1,53.06,53.18,42.68,56.78,47.25,31.61,46.09,37.32,44.02,47.83,51.91,53.85,55.23,48.04,55.2,56.65,45.93,48.06,47.69,46.41,47.46,43.94,49.51,48.76
50,29.08,34.18,37.44,37.7,50.81,54.33,53.08,55.82,39.1,53.09,53.2,42.69,56.8,47.28,31.65,46.12,37.36,44.05,47.83,51.92,53.86,55.24,48.07,55.22,56.68,45.95,48.08,47.71,46.42,47.47,43.95,49.52,48.77
51,29.09,34.17,37.44,37.72,50.82,54.34,53.09,55.83,39.1,53.11,53.21,42.7,56.8,47.3,31.67,46.13,37.38,44.07,47.84,51.92,53.87,55.24,48.08,55.22,56.69,45.97,48.1,47.72,46.43,47.48,43.95,49.54,48.78
52,29.09,34.17,37.45,38.13,50.84,54.35,53.18,55.9,39.1,53.21,53.23,42.71,56.83,47.43,31.96,46.29,37.65,44.19,47.86,51.93,53.89,55.27,48.19,55.25,56.76,46.06,48.17,47.75,46.44,47.49,43.96,49.55,48.78
53,29.08,34.16,37.45,38.14,50.84,54.35,53.19,55.91,39.1,53.23,53.25,42.72,56.84,47.45,31.98,46.29,37.67,44.2,47.86,51.93,53.89,55.27,48.19,55.27,56.77,46.07,48.18,47.77,46.45,47.51,43.96,49.57,48.8
54,29.07,34.15,37.44,38.15,50.85,54.36,53.21,55.94,39.1,53.24,53.26,42.73,56.86,47.46,31.99,46.3,37.68,44.22,47.87,51.95,53.91,55.29,48.21,55.29,56.81,46.08,48.19,47.78,46.46,47.52,43.97,49.58,48.8
55,29.07,34.14,37.45,38.15,50.85,54.37,53.21,55.94,39.1,53.25,53.27,42.74,56.86,47.47,31.99,46.3,37.68,44.22,47.88,51.95,53.92,55.3,48.21,55.28,56.82,46.09,48.2,47.79,46.48,47.53,43.97,49.59,48.82
56,29.05,34.14,37.43,38.16,50.88,54.4,53.23,55.96,39.1,53.26,53.28,42.74,56.88,47.48,32,46.32,37.69,44.24,47.9,51.96,53.93,55.32,48.22,55.31,56.84,46.09,48.21,47.8,46.47,47.53,43.97,49.59,48.81
57,29.04,34.14,37.43,38.18,50.88,54.4,53.24,55.97,39.1,53.27,53.28,42.74,56.88,47.49,32.01,46.33,37.7,44.25,47.9,51.96,53.93,55.33,48.23,55.31,56.85,46.09,48.21,47.8,46.48,47.54,43.97,49.6,48.82
58,29.03,34.12,37.42,38.18,50.88,54.4,53.24,55.98,39.1,53.27,53.28,42.74,56.89,47.49,32.01,46.33,37.7,44.26,47.9,51.97,53.94,55.33,48.24,55.32,56.85,46.1,48.21,47.8,46.48,47.54,43.98,49.6,48.82
59,29.02,34.12,37.42,38.19,50.89,54.41,53.25,55.98,39.1,53.28,53.29,42.74,56.9,47.5,32.02,46.34,37.71,44.26,47.91,51.97,53.95,55.34,48.25,55.33,56.86,46.11,48.22,47.81,46.48,47.54,43.98,49.6,48.82
60,29.01,34.11,37.42,38.19,50.89,54.41,53.26,55.99,39.1,53.28,53.29,42.74,56.9,47.51,32.03,46.35,37.72,44.27,47.91,51.98,53.95,55.34,48.25,55.34,56.87,46.11,48.22,47.81,46.48,47.54,43.98,49.6,48.82
61,29,34.1,37.41,38.19,50.89,54.41,53.26,55.99,39.1,53.27,53.28,42.74,56.9,47.51,32.03,46.34,37.72,44.27,47.91,51.98,53.95,55.34,48.25,55.33,56.87,46.11,48.22,47.8,46.48,47.54,43.97,49.6,48.82
62,28.99,34.09,37.4,38.19,50.89,54.41,53.26,55.99,39.1,53.27,53.28,42.74,56.9,47.5,32.02,46.34,37.72,44.27,47.91,51.97,53.95,55.34,48.25,55.33,56.86,46.1,48.22,47.8,46.48,47.54,43.97,49.6,48.82
63,28.99,34.08,37.4,38.19,50.89,54.41,53.25,55.98,39.1,53.27,53.28,42.74,56.89,47.5,32.02,46.34,37.71,44.26,47.91,51.97,53.95,55.34,48.24,55.33,56.86,46.1,48.21,47.8,46.47,47.53,43.97,49.59,48.81
64,28.98,34.06,37.38,38.19,50.88,54.41,53.25,55.99,39.1,53.27,53.28,42.74,56.89,47.5,32.02,46.34,37.71,44.26,47.9,51.97,53.94,55.34,48.25,55.32,56.86,46.1,48.21,47.8,46.48,47.53,43.97,49.59,48.82
65,28.97,34.04,37.37,38.18,50.88,54.4,53.24,55.98,39.1,53.25,53.27,42.73,56.89,47.49,32.01,46.33,37.7,44.25,47.9,51.97,53.94,55.33,48.24,55.32,56.85,46.09,48.2,47.79,46.47,47.53,43.97,49.58,48.81
66,28.95,34.02,37.36,38.16,50.87,54.39,53.23,55.97,39.1,53.25,53.26,42.73,56.88,47.48,32,46.32,37.69,44.24,47.89,51.96,53.93,55.32,48.22,55.31,56.84,46.08,48.19,47.78,46.46,47.52,43.97,49.58,48.8
67,28.94,34.01,37.35,38.15,50.86,54.38,53.22,55.95,39.1,53.24,53.25,42.72,56.87,47.46,31.98,46.31,37.68,44.23,47.88,51.96,53.92,55.31,48.21,55.3,56.83,46.07,48.18,47.77,46.46,47.51,43.96,49.57,48.8
68,28.91,33.99,37.35,38.14,50.85,54.37,53.21,55.94,39.1,53.22,53.24,42.71,56.86,47.45,31.97,46.29,37.66,44.21,47.87,51.95,53.91,55.3,48.2,55.28,56.82,46.06,48.17,47.76,46.45,47.5,43.96,49.56,48.79
69,28.9,33.97,37.33,38.12,50.85,54.36,53.19,55.93,39.1,53.21,53.22,42.71,56.85,47.44,31.95,46.28,37.65,44.2,47.87,51.94,53.9,55.29,48.19,55.28,56.8,46.05,48.15,47.75,46.44,47.49,43.95,49.54,48.78
70,28.89,33.95,37.31,38.1,50.83,54.35,53.17,55.91,39.1,53.19,53.21,42.7,56.83,47.42,31.93,46.26,37.63,44.18,47.85,51.93,53.89,55.27,48.17,55.25,56.78,46.03,48.14,47.73,46.42,47.47,43.95,49.53,48.77
71,28.87,33.94,37.3,38.07,50.81,54.33,53.14,55.87,39.1,53.16,53.19,42.68,56.81,47.39,31.9,46.23,37.6,44.15,47.83,51.92,53.87,55.25,48.13,55.23,56.75,46.01,48.11,47.71,46.41,47.45,43.94,49.51,48.75
72,28.86,33.91,37.29,38.04,50.8,54.31,53.11,55.85,39.1,53.13,53.16,42.66,56.79,47.36,31.87,46.21,37.57,44.12,47.82,51.91,53.85,55.23,48.11,55.21,56.72,45.99,48.08,47.68,46.39,47.43,43.93,49.48,48.73
73,28.84,33.89,37.28,38.01,50.78,54.29,53.08,55.81,39.1,53.11,53.13,42.64,56.77,47.33,31.83,46.18,37.54,44.09,47.8,51.89,53.83,55.2,48.08,55.17,56.69,45.96,48.05,47.65,46.36,47.4,43.92,49.45,48.71
74,28.83,33.89,37.27,37.98,50.76,54.265,53.06,55.795,39.1,53.065,53.1,42.62,56.74,47.3,31.8,46.15,37.51,44.06,47.77,51.88,53.8,55.17,48.06,55.15,56.65,45.93,48.02,47.62,46.34,47.37,43.905,49.42,48.69
75,28.81,33.87,37.25,37.96,50.735,54.23,53.03,55.76,39.1,53.05,53.075,42.6,56.73,47.27,31.78,46.125,37.49,44.03,47.75,51.87,53.78,55.15,48.035,55.14,56.63,45.92,48,47.605,46.32,47.345,43.895,49.4,48.67
76,28.8,33.86,37.23,37.895,50.7,54.195,52.975,55.71,39.1,52.99,53.03,42.57,56.68,47.22,31.71,46.07,37.425,43.985,47.71,51.84,53.75,55.11,47.98,55.09,56.58,45.865,47.94,47.56,46.28,47.3,43.88,49.355,48.64
77,28.78,33.86,37.22,37.845,50.67,54.155,52.92,55.655,39.1,52.94,52.98,42.545,56.645,47.16,31.65,46.01,37.37,43.92,47.68,51.82,53.71,55.065,47.925,55.04,56.525,45.82,47.89,47.51,46.255,47.265,43.86,49.32,48.61
78,28.755,33.84,37.21,37.825,50.65,54.135,52.905,55.64,39.1,52.915,52.97,42.53,56.625,47.14,31.625,46,37.345,43.905,47.66,51.81,53.685,55.035,47.91,55.03,56.505,45.805,47.87,47.5,46.23,47.25,43.85,49.3,48.6
79,28.74,33.84,37.185,37.76,50.625,54.1,52.84,55.58,39.1,52.85,52.915,42.5,56.58,47.08,31.56,45.935,37.28,43.84,47.64,51.78,53.66,55.01,47.85,54.97,56.44,45.75,47.815,47.45,46.2,47.2,43.84,49.25,48.56
80,28.73,33.815,37.17,37.715,50.6,54.08,52.805,55.545,39.1,52.815,52.9,42.49,56.56,47.045,31.52,45.905,37.245,43.805,47.615,51.77,53.63,54.98,47.815,54.95,56.405,45.715,47.775,47.425,46.185,47.18,43.83,49.23,48.545
81,28.71,33.815,37.155,37.71,50.6,54.08,52.795,55.53,39.1,52.81,52.88,42.47,56.55,47.04,31.52,45.895,37.24,43.8,47.61,51.76,53.63,54.97,47.805,54.94,56.395,45.72,47.78,47.41,46.17,47.17,43.82,49.21,48.53
82,28.69,33.79,37.14,37.655,50.56,54.03,52.745,55.48,39.1,52.755,52.83,42.44,56.505,46.985,31.45,45.845,37.185,43.74,47.57,51.74,53.585,54.92,47.76,54.89,56.345,45.67,47.72,47.37,46.14,47.12,43.81,49.16,48.5
83,28.67,33.78,37.12,37.63,50.54,54.01,52.715,55.455,39.1,52.73,52.815,42.43,56.49,46.96,31.425,45.82,37.16,43.72,47.56,51.725,53.57,54.905,47.725,54.87,56.32,45.65,47.695,47.35,46.125,47.11,43.8,49.15,48.49
84,28.64,33.76,37.105,37.58,50.53,53.985,52.67,55.41,39.1,52.675,52.78,42.42,56.46,46.905,31.365,45.77,37.1,43.66,47.54,51.71,53.55,54.88,47.69,54.84,56.27,45.61,47.65,47.315,46.105,47.075,43.79,49.125,48.47
85,28.63,33.76,37.09,37.525,50.495,53.955,52.62,55.36,39.1,52.625,52.745,42.39,56.435,46.855,31.32,45.73,37.055,43.62,47.505,51.7,53.53,54.85,47.645,54.805,56.22,45.56,47.62,47.285,46.08,47.045,43.78,49.09,48.44
86,28.6,33.73,37.07,37.475,50.46,53.905,52.565,55.31,39.1,52.59,52.7,42.36,56.39,46.805,31.265,45.675,37.005,43.56,47.47,51.67,53.49,54.8,47.585,54.755,56.165,45.53,47.59,47.245,46.04,47.005,43.76,49.045,48.41
87,28.59,33.7,37.04,37.43,50.44,53.89,52.525,55.265,39.09,52.55,52.69,42.35,56.36,46.76,31.22,45.64,36.96,43.52,47.45,51.65,53.46,54.775,47.55,54.72,56.125,45.505,47.55,47.23,46.03,46.98,43.75,49.03,48.4
88,28.575,33.68,37.04,37.405,50.42,53.875,52.515,55.255,39.09,52.525,52.64,42.32,56.34,46.75,31.19,45.615,36.935,43.505,47.43,51.64,53.44,54.75,47.535,54.7,56.12,45.49,47.52,47.19,46,46.95,43.74,48.99,48.37
89,28.55,33.66,37.01,37.405,50.41,53.835,52.515,55.255,39.09,52.53,52.65,42.325,56.335,46.735,31.185,45.6,36.93,43.5,47.42,51.63,53.43,54.74,47.53,54.7,56.115,45.48,47.51,47.19,46,46.95,43.74,48.99,48.37
90,28.51,33.62,36.99,37.355,50.41,53.84,52.465,55.205,39.09,52.47,52.62,42.305,56.315,46.685,31.14,45.57,36.885,43.45,47.41,51.62,53.42,54.72,47.49,54.67,56.055,45.435,47.47,47.16,45.98,46.925,43.73,48.96,48.35
91,28.51,33.6,36.98,37.34,50.37,53.805,52.435,55.18,39.09,52.45,52.585,42.28,56.28,46.67,31.11,45.545,36.865,43.425,47.38,51.6,53.38,54.68,47.46,54.635,56.03,45.42,47.445,47.13,45.96,46.9,43.715,48.94,48.325
92,28.475,33.58,36.95,37.285,50.345,53.785,52.385,55.13,39.09,52.4,52.56,42.265,56.25,46.62,31.06,45.495,36.815,43.375,47.35,51.58,53.36,54.655,47.415,54.59,55.985,45.38,47.395,47.1,45.94,46.87,43.7,48.91,48.31
93,28.46,33.575,36.95,37.33,50.36,53.805,52.42,55.17,39.09,52.44,52.57,42.27,56.27,46.655,31.105,45.53,36.855,43.41,47.375,51.59,53.37,54.67,47.445,54.62,56.015,45.405,47.425,47.115,45.935,46.87,43.705,48.91,48.31
94,28.44,33.55,36.92,37.295,50.335,53.76,52.39,55.14,39.09,52.395,52.56,42.255,56.25,46.63,31.065,45.5,36.825,43.385,47.34,51.58,53.345,54.64,47.42,54.59,55.99,45.375,47.405,47.1,45.92,46.87,43.7,48.91,48.3
95,28.41,33.52,36.91,37.3,50.35,53.77,52.39,55.135,39.09,52.395,52.55,42.26,56.265,46.625,31.08,45.515,36.825,43.38,47.355,51.59,53.365,54.655,47.425,54.605,55.99,45.38,47.41,47.09,45.93,46.855,43.7,48.895,48.3
96,28.4,33.52,36.895,37.29,50.33,53.75,52.385,55.13,39.09,52.385,52.53,42.245,56.24,46.62,31.06,45.495,36.81,43.38,47.34,51.58,53.345,54.63,47.41,54.58,55.985,45.37,47.39,47.07,45.905,46.84,43.69,48.88,48.285
97,28.4,33.5,36.885,37.275,50.31,53.735,52.36,55.1,39.09,52.37,52.53,42.25,56.215,46.605,31.035,45.475,36.8,43.355,47.32,51.56,53.32,54.61,47.39,54.565,55.96,45.355,47.37,47.07,45.915,46.84,43.69,48.88,48.29
98,28.36,33.49,36.87,37.27,50.32,53.75,52.37,55.115,39.09,52.38,52.52,42.24,56.22,46.605,31.055,45.48,36.8,43.36,47.33,51.56,53.33,54.61,47.4,54.56,55.975,45.365,47.38,47.07,45.9,46.83,43.69,48.87,48.275
99,28.345,33.475,36.855,37.25,50.295,53.73,52.345,55.095,39.09,52.36,52.53,42.24,56.205,46.575,31.035,45.47,36.78,43.335,47.31,51.56,53.305,54.585,47.38,54.55,55.94,45.365,47.39,47.075,45.9,46.835,43.69,48.87,48.28
100,28.33,33.425,36.84,37.24,50.31,53.73,52.335,55.075,39.09,52.33,52.49,42.21,56.205,46.57,31.005,45.45,36.77,43.33,47.31,51.555,53.31,54.6,47.37,54.545,55.93,45.33,47.345,47.04,45.875,46.805,43.675,48.84,48.255
101,28.295,33.38,36.81,37.245,50.3,53.72,52.34,55.08,39.09,52.34,52.495,42.23,56.21,46.575,31.01,45.46,36.77,43.33,47.31,51.55,53.305,54.58,47.38,54.54,55.935,45.34,47.35,47.05,45.89,46.81,43.68,48.85,48.265
102,28.28,33.35,36.79,37.195,50.28,53.705,52.29,55.03,39.09,52.29,52.455,42.205,56.16,46.525,30.96,45.415,36.72,43.285,47.285,51.53,53.28,54.555,47.33,54.505,55.88,45.3,47.305,47.005,45.86,46.775,43.67,48.815,48.24
103,28.245,33.325,36.76,37.19,50.28,53.69,52.29,55.035,39.09,52.275,52.46,42.21,56.18,46.525,30.96,45.415,36.715,43.275,47.285,51.54,53.29,54.575,47.325,54.52,55.88,45.28,47.3,47.01,45.855,46.775,43.67,48.805,48.23
104,28.225,33.31,36.765,37.205,50.285,53.715,52.305,55.045,39.09,52.31,52.49,42.22,56.185,46.53,30.98,45.42,36.73,43.295,47.3,51.55,53.3,54.58,47.335,54.525,55.9,45.32,47.34,47.04,45.88,46.805,43.68,48.845,48.255
105,28.18,33.265,36.73,37.2,50.275,53.69,52.3,55.045,39.09,52.295,52.465,42.21,56.175,46.54,30.97,45.42,36.725,43.29,47.28,51.535,53.28,54.56,47.335,54.51,55.9,45.305,47.31,47.005,45.86,46.78,43.67,48.82,48.24
106,28.18,33.235,36.72,37.19,50.27,53.69,52.29,55.04,39.09,52.285,52.47,42.21,56.17,46.52,30.96,45.415,36.71,43.28,47.28,51.53,53.275,54.55,47.33,54.51,55.89,45.295,47.31,47.015,45.87,46.79,43.67,48.82,48.24
107,28.15,33.22,36.685,37.14,50.25,53.66,52.25,54.99,39.09,52.245,52.435,42.195,56.135,46.475,30.9,45.36,36.67,43.235,47.255,51.51,53.255,54.52,47.28,54.47,55.845,45.26,47.275,46.98,45.845,46.755,43.66,48.79,48.22
108,28.14,33.205,36.67,37.185,50.27,53.685,52.275,55.02,39.09,52.27,52.46,42.2,56.16,46.51,30.96,45.4,36.71,43.265,47.28,51.53,53.275,54.545,47.315,54.505,55.875,45.285,47.295,47,45.86,46.78,43.67,48.81,48.23
109,28.11,33.17,36.66,37.145,50.26,53.68,52.24,54.98,39.09,52.245,52.43,42.185,56.14,46.47,30.925,45.37,36.675,43.225,47.27,51.52,53.265,54.535,47.285,54.475,55.83,45.26,47.26,46.98,45.84,46.76,43.66,48.79,48.22
110,28.1,33.165,36.65,37.17,50.25,53.67,52.265,55.005,39.09,52.275,52.43,42.19,56.15,46.5,30.935,45.39,36.695,43.26,47.26,51.52,53.255,54.535,47.3,54.48,55.865,45.28,47.28,46.985,45.84,46.75,43.655,48.785,48.215
111,28.065,33.12,36.64,37.16,50.255,53.67,52.26,55,39.09,52.255,52.42,42.185,56.15,46.49,30.93,45.38,36.69,43.25,47.26,51.52,53.26,54.53,47.3,54.48,55.835,45.27,47.275,46.98,45.84,46.74,43.65,48.78,48.21
112,28.065,33.13,36.61,37.13,50.25,53.66,52.245,54.985,39.09,52.22,52.415,42.18,56.135,46.47,30.905,45.37,36.66,43.225,47.26,51.515,53.25,54.52,47.29,54.46,55.83,45.24,47.24,46.96,45.825,46.735,43.65,48.77,48.2
113,28.045,33.11,36.6,37.175,50.255,53.65,52.27,55.015,39.09,52.25,52.44,42.195,56.14,46.505,30.93,45.38,36.705,43.265,47.26,51.52,53.265,54.545,47.3,54.48,55.87,45.28,47.28,46.995,45.85,46.76,43.66,48.795,48.22
114,28.03,33.085,36.575,37.115,50.23,53.63,52.22,54.95,39.09,52.21,52.395,42.17,56.11,46.45,30.885,45.33,36.645,43.205,47.23,51.5,53.23,54.5,47.25,54.435,55.805,45.245,47.245,46.95,45.81,46.72,43.65,48.75,48.19
115,28.04,33.09,36.57,37.135,50.235,53.64,52.245,54.985,39.09,52.215,52.42,42.175,56.135,46.47,30.9,45.37,36.665,43.235,47.24,51.51,53.24,54.515,47.285,54.465,55.845,45.245,47.255,46.965,45.825,46.74,43.65,48.775,48.21
116,28.02,33.08,36.53,37.13,50.23,53.635,52.22,54.95,39.09,52.225,52.39,42.165,56.12,46.455,30.905,45.355,36.655,43.21,47.23,51.505,53.23,54.505,47.26,54.45,55.815,45.245,47.235,46.945,45.815,46.715,43.65,48.75,48.195
117,27.995,33.07,36.54,37.165,50.25,53.66,52.27,55.01,39.09,52.25,52.44,42.19,56.14,46.49,30.935,45.385,36.695,43.26,47.255,51.515,53.25,54.525,47.31,54.48,55.86,45.275,47.28,46.985,45.84,46.755,43.66,48.79,48.22
118,28.005,33.09,36.52,37.105,50.23,53.645,52.22,54.97,39.09,52.21,52.405,42.18,56.115,46.44,30.87,45.33,36.635,43.205,47.24,51.5,53.23,54.495,47.26,54.44,55.82,45.24,47.245,46.96,45.82,46.72,43.65,48.755,48.2
119,27.985,33.045,36.51,37.15,50.215,53.635,52.24,54.99,39.09,52.245,52.415,42.18,56.14,46.475,30.925,45.375,36.675,43.23,47.22,51.51,53.23,54.505,47.295,54.47,55.835,45.265,47.27,46.97,45.83,46.73,43.655,48.765,48.205
120,27.95,33.03,36.49,37.085,50.21,53.61,52.19,54.94,39.09,52.19,52.385,42.16,56.09,46.41,30.86,45.305,36.615,43.17,47.22,51.49,53.21,54.46,47.23,54.415,55.78,45.215,47.22,46.93,45.81,46.705,43.64,48.74,48.175
121,27.935,33.025,36.47,37.115,50.225,53.63,52.22,54.96,39.08,52.2,52.4,42.165,56.12,46.44,30.885,45.345,36.64,43.2,47.23,51.5,53.23,54.495,47.26,54.445,55.81,45.23,47.24,46.95,45.815,46.72,43.645,48.76,48.19
122,27.945,33.025,36.46,37.105,50.21,53.62,52.22,54.965,39.09,52.18,52.39,42.165,56.105,46.44,30.88,45.345,36.635,43.205,47.22,51.49,53.225,54.485,47.26,54.425,55.815,45.215,47.22,46.94,45.815,46.72,43.645,48.75,48.19
123,27.92,33.01,36.445,37.095,50.2,53.61,52.19,54.925,39.08,52.17,52.38,42.16,56.085,46.42,30.86,45.31,36.625,43.18,47.21,51.48,53.19,54.455,47.225,54.41,55.775,45.22,47.21,46.93,45.8,46.71,43.64,48.74,48.18
124,27.91,33.01,36.44,37.11,50.24,53.655,52.21,54.96,39.09,52.215,52.385,42.165,56.125,46.445,30.88,45.345,36.635,43.2,47.25,51.51,53.25,54.52,47.26,54.455,55.805,45.235,47.225,46.935,45.81,46.71,43.64,48.745,48.185
125,27.92,33.03,36.43,37.105,50.225,53.64,52.195,54.945,39.08,52.205,52.39,42.16,56.105,46.435,30.88,45.335,36.635,43.185,47.23,51.495,53.22,54.49,47.245,54.43,55.79,45.23,47.24,46.94,45.81,46.71,43.64,48.745,48.19
126,27.91,33.05,36.43,37.11,50.22,53.63,52.21,54.95,39.09,52.21,52.41,42.17,56.11,46.44,30.89,45.34,36.64,43.2,47.22,51.5,53.22,54.49,47.26,54.44,55.8,45.24,47.24,46.96,45.82,46.73,43.65,48.77,48.2
127,27.88,33.03,36.41,37.07,50.2,53.6,52.18,54.93,39.08,52.19,52.39,42.16,56.1,46.41,30.84,45.3,36.6,43.16,47.21,51.49,53.19,54.46,47.22,54.42,55.77,45.22,47.23,46.95,45.8,46.71,43.64,48.75,48.19
128,27.88,33.01,36.39,37.09,50.21,53.62,52.19,54.93,39.08,52.18,52.38,42.16,56.09,46.42,30.87,45.31,36.61,43.18,47.22,51.49,53.21,54.47,47.23,54.41,55.78,45.22,47.22,46.93,45.8,46.7,43.64,48.73,48.17
129,27.88,33.05,36.4,37.12,50.22,53.63,52.22,54.97,39.08,52.22,52.4,42.18,56.11,46.44,30.89,45.33,36.65,43.2,47.23,51.49,53.22,54.48,47.26,54.43,55.81,45.24,47.25,46.96,45.82,46.72,43.65,48.75,48.19
130,27.88,33.02,36.38,37.1,50.23,53.63,52.22,54.96,39.08,52.18,52.41,42.17,56.11,46.44,30.88,45.33,36.63,43.2,47.23,51.5,53.22,54.48,47.25,54.43,55.81,45.23,47.23,46.95,45.82,46.73,43.65,48.77,48.2
131,27.88,33.01,36.38,37.12,50.22,53.62,52.21,54.96,39.09,52.22,52.4,42.16,56.11,46.44,30.89,45.35,36.65,43.2,47.22,51.5,53.23,54.49,47.26,54.44,55.81,45.24,47.24,46.94,45.81,46.72,43.65,48.75,48.19
132,27.87,33,36.36,37.09,50.21,53.62,52.2,54.94,39.08,52.18,52.38,42.16,56.09,46.42,30.86,45.32,36.63,43.18,47.21,51.49,53.21,54.46,47.24,54.42,55.77,45.22,47.23,46.93,45.81,46.71,43.64,48.74,48.18
133,27.86,32.99,36.35,37.11,50.21,53.61,52.2,54.94,39.08,52.19,52.41,42.17,56.09,46.43,30.88,45.32,36.63,43.19,47.21,51.49,53.21,54.47,47.24,54.41,55.8,45.23,47.23,46.95,45.82,46.73,43.65,48.76,48.19
134,27.84,32.98,36.33,37.1,50.21,53.61,52.2,54.94,39.09,52.2,52.4,42.17,56.1,46.43,30.86,45.32,36.63,43.19,47.21,51.49,53.21,54.46,47.23,54.42,55.8,45.22,47.22,46.94,45.81,46.72,43.65,48.75,48.19
135,27.83,32.98,36.33,37.09,50.21,53.61,52.19,54.94,39.08,52.18,52.38,42.16,56.1,46.42,30.86,45.32,36.62,43.18,47.22,51.49,53.21,54.47,47.24,54.42,55.78,45.22,47.22,46.94,45.81,46.71,43.64,48.74,48.18
136,27.84,32.96,36.31,37.13,50.22,53.63,52.21,54.95,39.08,52.23,52.42,42.19,56.11,46.44,30.9,45.35,36.67,43.19,47.22,51.5,53.21,54.48,47.27,54.43,55.8,45.25,47.26,46.96,45.84,46.74,43.66,48.78,48.21
137,27.82,32.94,36.31,37.07,50.21,53.61,52.18,54.93,39.08,52.17,52.37,42.15,56.09,46.41,30.84,45.3,36.6,43.16,47.21,51.49,53.2,54.46,47.22,54.41,55.77,45.21,47.21,46.92,45.8,46.69,43.63,48.72,48.17
138,27.81,32.92,36.29,37.09,50.21,53.61,52.19,54.93,39.08,52.18,52.4,42.17,56.09,46.42,30.86,45.31,36.62,43.17,47.21,51.49,53.2,54.46,47.22,54.41,55.78,45.22,47.22,46.95,45.82,46.72,43.65,48.75,48.19
139,27.8,32.9,36.29,37.09,50.21,53.61,52.2,54.94,39.08,52.18,52.38,42.16,56.1,46.42,30.86,45.33,36.62,43.18,47.22,51.49,53.21,54.47,47.24,54.42,55.79,45.22,47.21,46.93,45.8,46.71,43.64,48.74,48.18
140,27.8,32.92,36.28,37.11,50.22,53.62,52.21,54.95,39.08,52.21,52.4,42.17,56.1,46.45,30.88,45.34,36.64,43.2,47.22,51.49,53.21,54.48,47.25,54.42,55.8,45.24,47.24,46.95,45.82,46.73,43.65,48.75,48.2
141,27.79,32.89,36.26,37.1,50.21,53.62,52.21,54.95,39.08,52.2,52.4,42.17,56.11,46.43,30.88,45.34,36.63,43.19,47.22,51.49,53.21,54.48,47.26,54.44,55.8,45.23,47.24,46.95,45.82,46.73,43.64,48.76,48.19
142,27.76,32.87,36.24,37.14,50.21,53.63,52.22,54.96,39.08,52.2,52.42,42.18,56.11,46.45,30.91,45.34,36.66,43.22,47.22,51.5,53.22,54.49,47.25,54.44,55.82,45.24,47.25,46.97,45.83,46.74,43.65,48.77,48.2
143,27.78,32.87,36.24,37.06,50.21,53.62,52.18,54.92,39.08,52.17,52.38,42.16,56.08,46.4,30.83,45.29,36.59,43.16,47.21,51.48,53.2,54.46,47.21,54.4,55.77,45.19,47.21,46.93,45.81,46.7,43.64,48.73,48.18
144,27.76,32.86,36.22,37.12,50.21,53.63,52.21,54.95,39.08,52.2,52.4,42.17,56.1,46.44,30.89,45.33,36.64,43.19,47.22,51.49,53.22,54.48,47.24,54.43,55.8,45.23,47.24,46.95,45.82,46.73,43.65,48.76,48.2
145,27.75,32.82,36.2,37.11,50.23,53.63,52.21,54.96,39.08,52.2,52.41,42.18,56.12,46.44,30.89,45.35,36.64,43.2,47.24,51.51,53.23,54.48,47.26,54.44,55.81,45.24,47.24,46.96,45.83,46.73,43.65,48.76,48.2
146,27.72,32.81,36.19,37.1,50.21,53.62,52.2,54.95,39.08,52.2,52.4,42.17,56.1,46.42,30.87,45.32,36.62,43.19,47.22,51.49,53.21,54.47,47.24,54.42,55.8,45.23,47.23,46.94,45.81,46.72,43.64,48.75,48.18
147,27.72,32.8,36.17,37.09,50.21,53.62,52.19,54.93,39.08,52.18,52.39,42.16,56.09,46.42,30.87,45.31,36.62,43.18,47.21,51.49,53.2,54.47,47.23,54.41,55.78,45.22,47.23,46.94,45.82,46.71,43.64,48.75,48.19
148,27.71,32.78,36.16,37.1,50.22,53.62,52.19,54.94,39.08,52.2,52.4,42.17,56.11,46.43,30.87,45.33,36.63,43.18,47.23,51.5,53.22,54.49,47.25,54.43,55.79,45.23,47.22,46.94,45.82,46.72,43.65,48.76,48.19
149,27.7,32.77,36.14,37.11,50.22,53.63,52.21,54.96,39.08,52.21,52.41,42.18,56.11,46.44,30.89,45.34,36.65,43.2,47.23,51.5,53.22,54.48,47.26,54.43,55.81,45.25,47.26,46.97,45.82,46.73,43.65,48.76,48.2
150,27.67,32.73,36.14,37.12,50.23,53.64,52.22,54.95,39.08,52.21,52.41,42.18,56.11,46.45,30.89,45.34,36.65,43.21,47.24,51.5,53.23,54.49,47.26,54.44,55.81,45.24,47.25,46.96,45.82,46.73,43.65,48.76,48.2
151,27.67,32.72,36.13,37.08,50.21,53.61,52.19,54.93,39.08,52.17,52.41,42.17,56.09,46.41,30.86,45.32,36.61,43.18,47.22,51.48,53.2,54.46,47.23,54.41,55.78,45.22,47.22,46.95,45.82,46.73,43.65,48.76,48.2
152,27.64,32.68,36.1,37.14,50.22,53.64,52.25,54.98,39.08,52.22,52.41,42.18,56.1,46.47,30.91,45.37,36.67,43.23,47.23,51.5,53.22,54.49,47.28,54.42,55.82,45.25,47.25,46.95,45.82,46.73,43.65,48.76,48.2
153,27.62,32.66,36.08,37.1,50.21,53.62,52.19,54.93,39.08,52.19,52.39,42.16,56.09,46.42,30.87,45.33,36.63,43.18,47.22,51.48,53.2,54.47,47.23,54.41,55.79,45.23,47.23,46.94,45.81,46.71,43.64,48.74,48.18
154,27.62,32.64,36.07,37.11,50.22,53.63,52.2,54.94,39.08,52.21,52.39,42.17,56.11,46.43,30.89,45.33,36.64,43.18,47.22,51.5,53.21,54.48,47.24,54.43,55.79,45.23,47.24,46.95,45.81,46.72,43.64,48.75,48.19
155,27.6,32.63,36.05,37.09,50.22,53.63,52.18,54.93,39.08,52.19,52.39,42.17,56.09,46.42,30.86,45.32,36.62,43.18,47.22,51.49,53.21,54.48,47.23,54.42,55.78,45.22,47.23,46.94,45.81,46.72,43.65,48.75,48.19
156,27.59,32.59,36.04,37.09,50.22,53.63,52.19,54.93,39.08,52.19,52.39,42.17,56.1,46.41,30.86,45.33,36.61,43.17,47.22,51.49,53.22,54.48,47.24,54.42,55.77,45.23,47.25,46.94,45.81,46.73,43.65,48.75,48.19
157,27.57,32.6,36.02,37.07,50.2,53.61,52.2,54.94,39.08,52.14,52.37,42.16,56.08,46.4,30.85,45.32,36.6,43.18,47.21,51.48,53.2,54.46,47.24,54.39,55.79,45.19,47.17,46.92,45.81,46.7,43.64,48.74,48.18
158,27.55,32.58,36,37.02,50.17,53.58,52.13,54.88,39.08,52.1,52.34,42.12,56.05,46.35,30.79,45.25,36.55,43.11,47.18,51.45,53.17,54.42,47.17,54.37,55.71,45.17,47.15,46.88,45.76,46.66,43.62,48.7,48.14
159,27.54,32.6,36,37.08,50.21,53.6,52.18,54.93,39.08,52.16,52.38,42.15,56.1,46.41,30.84,45.31,36.61,43.17,47.22,51.49,53.21,54.46,47.22,54.41,55.77,45.21,47.21,46.92,45.79,46.7,43.64,48.74,48.18
160,27.54,32.59,35.98,37,50.16,53.57,52.11,54.85,39.08,52.08,52.33,42.12,56.03,46.33,30.77,45.24,36.53,43.09,47.18,51.45,53.16,54.4,47.15,54.34,55.7,45.15,47.14,46.88,45.77,46.66,43.62,48.7,48.15
161,27.55,32.6,35.99,37.05,50.2,53.61,52.16,54.89,39.08,52.14,52.34,42.14,56.07,46.38,30.82,45.29,36.58,43.14,47.21,51.48,53.2,54.45,47.21,54.39,55.74,45.19,47.19,46.9,45.78,46.67,43.63,48.7,48.15
162,27.55,32.62,35.98,37.01,50.19,53.6,52.11,54.85,39.09,52.11,52.36,42.14,56.05,46.32,30.79,45.25,36.54,43.09,47.2,51.46,53.18,54.44,47.15,54.37,55.7,45.15,47.15,46.9,45.79,46.69,43.63,48.72,48.17
163,27.54,32.62,35.97,37.04,50.19,53.6,52.16,54.89,39.08,52.13,52.36,42.14,56.06,46.37,30.8,45.28,36.56,43.14,47.2,51.47,53.17,54.43,47.2,54.4,55.72,45.19,47.18,46.91,45.78,46.68,43.63,48.71,48.16
164,27.52,32.62,35.97,37.04,50.17,53.58,52.16,54.9,39.08,52.13,52.36,42.13,56.05,46.38,30.81,45.28,36.57,43.14,47.18,51.46,53.17,54.42,47.2,54.37,55.74,45.17,47.17,46.9,45.77,46.69,43.62,48.73,48.17
165,27.56,32.65,35.99,36.94,50.15,53.54,52.06,54.8,39.08,52.06,52.34,42.13,56.01,46.27,30.7,45.17,36.47,43.02,47.15,51.44,53.14,54.38,47.1,54.32,55.65,45.11,47.14,46.89,45.77,46.68,43.62,48.71,48.15
166,27.56,32.66,35.98,36.65,50.13,53.53,52.03,54.78,39.09,52.01,52.33,42.12,56.01,46.24,30.51,45.1,36.25,42.99,47.14,51.44,53.13,54.37,47.08,54.31,55.61,45.09,47.1,46.87,45.76,46.65,43.62,48.68,48.13
167,27.57,32.66,35.98,36.55,50.13,53.52,52,54.76,39.08,51.98,52.31,42.1,55.98,46.2,30.47,45.07,36.22,42.94,47.14,51.42,53.12,54.37,47.05,54.29,55.59,45.07,47.09,46.86,45.75,46.64,43.61,48.68,48.13
168,27.56,32.66,35.97,36.58,50.14,53.54,52.01,54.76,39.09,52.02,52.29,42.11,55.99,46.2,30.47,45.07,36.25,42.96,47.15,51.43,53.13,54.36,47.05,54.3,55.6,45.09,47.09,46.83,45.75,46.64,43.61,48.67,48.14
169,27.56,32.67,35.98,36.43,50.1,53.48,51.94,54.67,39.08,51.91,52.28,42.09,55.94,46.1,30.34,44.98,36.1,42.87,47.1,51.4,53.08,54.32,46.98,54.25,55.5,45.02,47.05,46.81,45.73,46.62,43.61,48.65,48.12
170,27.56,32.67,35.97,36.48,50.1,53.49,51.93,54.7,39.09,51.94,52.3,42.1,55.96,46.12,30.39,45.01,36.15,42.87,47.11,51.41,53.09,54.34,46.97,54.28,55.53,45.02,47.05,46.84,45.75,46.64,43.61,48.68,48.14
171,27.57,32.67,35.98,36.41,50.11,53.5,51.92,54.69,39.09,51.91,52.27,42.08,55.95,46.08,30.34,44.98,36.08,42.84,47.12,51.41,53.1,54.34,46.97,54.26,55.51,45.01,47.02,46.81,45.72,46.61,43.6,48.64,48.11
172,27.56,32.67,35.98,36.43,50.11,53.51,51.93,54.67,39.09,51.92,52.29,42.1,55.97,46.1,30.36,45,36.11,42.86,47.12,51.42,53.1,54.33,46.99,54.27,55.5,45.02,47.04,46.83,45.74,46.64,43.61,48.67,48.14
173,27.56,32.67,35.98,36.36,50.09,53.49,51.86,54.63,39.08,51.88,52.26,42.08,55.93,46.04,30.28,44.92,36.03,42.79,47.11,51.39,53.08,54.31,46.92,54.22,55.45,44.96,46.99,46.79,45.72,46.6,43.6,48.64,48.1
174,27.57,32.67,35.99,36.37,50.09,53.47,51.87,54.64,39.09,51.86,52.25,42.08,55.93,46.04,30.28,44.93,36.04,42.8,47.1,51.39,53.07,54.32,46.91,54.24,55.46,44.97,47,46.81,45.72,46.59,43.6,48.63,48.1
175,27.58,32.68,35.99,36.43,50.1,53.51,51.93,54.7,39.09,51.92,52.29,42.1,55.95,46.1,30.34,44.97,36.1,42.86,47.11,51.4,53.09,54.31,46.96,54.26,55.52,45.02,47.04,46.83,45.73,46.63,43.61,48.66,48.12
176,27.58,32.69,36,36.4,50.1,53.49,51.89,54.66,39.09,51.91,52.27,42.09,55.93,46.07,30.3,44.94,36.07,42.83,47.11,51.4,53.09,54.32,46.93,54.23,55.47,45,47.02,46.8,45.73,46.62,43.6,48.64,48.12
177,27.59,32.69,36.01,36.34,50.08,53.47,51.84,54.61,39.09,51.85,52.25,42.08,55.9,46.02,30.25,44.9,36.02,42.77,47.09,51.38,53.06,54.29,46.89,54.19,55.43,44.95,46.98,46.78,45.72,46.6,43.6,48.63,48.1
178,27.6,32.7,36.01,36.38,50.11,53.5,51.89,54.65,39.08,51.85,52.28,42.09,55.93,46.05,30.3,44.94,36.05,42.81,47.12,51.39,53.09,54.33,46.93,54.23,55.47,44.96,47.02,46.82,45.73,46.62,43.61,48.66,48.12
179,27.61,32.71,36.02,36.4,50.11,53.5,51.89,54.66,39.09,51.89,52.29,42.1,55.93,46.06,30.32,44.95,36.06,42.82,47.12,51.4,53.09,54.33,46.93,54.24,55.49,44.99,47.02,46.82,45.73,46.63,43.61,48.67,48.13
180,27.62,32.71,36.02,36.39,50.13,53.53,51.89,54.65,39.08,51.89,52.29,42.11,55.95,46.06,30.31,44.95,36.06,42.82,47.14,51.41,53.11,54.36,46.94,54.25,55.47,45,47.03,46.82,45.76,46.64,43.62,48.67,48.13
181,27.63,32.72,36.03,36.44,50.12,53.52,51.92,54.68,39.08,51.92,52.32,42.12,55.96,46.11,30.36,44.98,36.11,42.85,47.13,51.41,53.11,54.36,46.96,54.27,55.5,45.02,47.06,46.85,45.77,46.66,43.62,48.69,48.15
182,27.63,32.73,36.04,36.4,50.11,53.51,51.9,54.66,39.08,51.88,52.32,42.12,55.93,46.07,30.3,44.95,36.06,42.83,47.12,51.4,53.08,54.33,46.94,54.24,55.49,44.99,47.02,46.84,45.76,46.65,43.62,48.68,48.14
183,27.63,32.73,36.04,36.44,50.14,53.53,51.93,54.7,39.09,51.91,52.34,42.14,55.98,46.1,30.36,45,36.11,42.87,47.14,51.43,53.13,54.36,46.98,54.28,55.53,45.03,47.07,46.86,45.79,46.68,43.64,48.72,48.17
184,27.65,32.74,36.04,36.44,50.13,53.53,51.95,54.71,39.09,51.94,52.31,42.12,55.96,46.11,30.37,44.99,36.11,42.88,47.14,51.41,53.11,54.35,46.98,54.27,55.53,45.03,47.05,46.85,45.77,46.66,43.63,48.7,48.16
185,27.65,32.74,36.05,36.4,50.13,53.54,51.89,54.65,39.08,51.89,52.31,42.12,55.96,46.06,30.31,44.95,36.06,42.82,47.14,51.41,53.11,54.37,46.94,54.26,55.48,45,47.04,46.84,45.76,46.66,43.62,48.7,48.15
186,27.65,32.75,36.06,36.4,50.13,53.52,51.9,54.67,39.08,51.9,52.32,42.12,55.95,46.08,30.33,44.96,36.07,42.83,47.14,51.41,53.11,54.35,46.95,54.25,55.49,45,47.05,46.84,45.76,46.66,43.62,48.69,48.15
187,27.65,32.75,36.06,36.43,50.13,53.52,51.91,54.68,39.08,51.92,52.33,42.13,55.95,46.08,30.35,44.97,36.09,42.85,47.14,51.41,53.11,54.36,46.96,54.26,55.5,45.02,47.07,46.86,45.78,46.66,43.63,48.7,48.15
188,27.65,32.75,36.07,36.42,50.14,53.55,51.91,54.68,39.09,51.91,52.33,42.13,55.97,46.08,30.34,44.97,36.09,42.84,47.15,51.42,53.12,54.37,46.96,54.27,55.5,45.02,47.07,46.86,45.78,46.68,43.63,48.71,48.16
189,27.66,32.76,36.07,36.4,50.12,53.52,51.91,54.685,39.09,51.915,52.32,42.115,55.95,46.075,30.32,44.98,36.07,42.84,47.13,51.405,53.1,54.35,46.97,54.26,55.5,45.005,47.04,46.84,45.77,46.665,43.62,48.7,48.16
190,27.66,32.76,36.08,36.415,50.135,53.545,51.92,54.68,39.09,51.905,52.315,42.12,55.965,46.085,30.33,44.98,36.09,42.845,47.15,51.42,53.12,54.37,46.96,54.27,55.5,45.005,47.045,46.85,45.77,46.66,43.625,48.705,48.15
191,27.67,32.77,36.09,36.415,50.13,53.535,51.91,54.675,39.09,51.915,52.32,42.115,55.965,46.08,30.335,44.95,36.085,42.835,47.14,51.415,53.115,54.355,46.95,54.27,55.495,45.01,47.05,46.85,45.77,46.66,43.62,48.695,48.15
192,27.68,32.775,36.09,36.39,50.115,53.515,51.895,54.665,39.09,51.88,52.285,42.1,55.94,46.055,30.295,44.95,36.06,42.82,47.125,51.4,53.1,54.33,46.945,54.25,55.48,44.98,47.015,46.815,45.75,46.63,43.61,48.67,48.13
193,27.675,32.78,36.095,36.425,50.145,53.55,51.93,54.69,39.09,51.92,52.33,42.13,55.97,46.1,30.34,44.98,36.095,42.86,47.16,51.42,53.13,54.375,46.975,54.28,55.51,45.02,47.055,46.855,45.78,46.67,43.63,48.705,48.155
194,27.68,32.79,36.1,36.405,50.125,53.525,51.895,54.66,39.09,51.895,52.305,42.12,55.95,46.075,30.315,44.945,36.07,42.82,47.13,51.41,53.11,54.345,46.935,54.25,55.475,45,47.03,46.83,45.765,46.65,43.62,48.69,48.145
195,27.685,32.79,36.1,36.4,50.12,53.52,51.895,54.66,39.09,51.895,52.315,42.12,55.95,46.07,30.315,44.96,36.07,42.825,47.13,51.41,53.105,54.34,46.945,54.25,55.48,44.99,47.045,46.84,45.77,46.66,43.625,48.69,48.15
196,27.695,32.79,36.11,36.39,50.14,53.555,51.895,54.66,39.09,51.88,52.33,42.12,55.96,46.05,30.305,44.96,36.06,42.82,47.15,51.42,53.12,54.37,46.95,54.27,55.475,45,47.045,46.86,45.775,46.67,43.63,48.705,48.16
197,27.7,32.8,36.11,36.39,50.13,53.52,51.89,54.65,39.09,51.88,52.3,42.11,55.95,46.065,30.315,44.95,36.06,42.81,47.14,51.41,53.11,54.35,46.93,54.25,55.47,44.99,47.035,46.83,45.76,46.65,43.62,48.68,48.14
198,27.69,32.8,36.11,36.345,50.105,53.5,51.87,54.63,39.09,51.87,52.29,42.1,55.935,46.03,30.26,44.92,36.02,42.79,47.11,51.4,53.09,54.32,46.91,54.24,55.45,44.97,47.005,46.81,45.75,46.63,43.615,48.665,48.135
199,27.71,32.8,36.125,36.36,50.11,53.51,51.86,54.63,39.09,51.855,52.31,42.115,55.94,46.02,30.275,44.93,36.025,42.775,47.12,51.4,53.09,54.33,46.91,54.24,55.44,44.97,47,46.83,45.76,46.65,43.62,48.69,48.14
200,27.715,32.81,36.13,36.39,50.11,53.505,51.885,54.65,39.09,51.885,52.31,42.115,55.925,46.055,30.3,44.95,36.06,42.815,47.12,51.395,53.09,54.32,46.925,54.23,55.475,44.99,47.03,46.84,45.77,46.65,43.62,48.69,48.145
201,27.715,32.82,36.135,36.36,50.11,53.495,51.86,54.625,39.09,51.86,52.295,42.11,55.93,46.03,30.275,44.935,36.03,42.78,47.12,51.4,53.09,54.32,46.925,54.23,55.44,44.96,47.01,46.81,45.75,46.645,43.62,48.675,48.135
202,27.73,32.83,36.15,36.4,50.115,53.51,51.89,54.655,39.09,51.885,52.3,42.11,55.93,46.07,30.305,44.95,36.07,42.82,47.125,51.4,53.09,54.325,46.94,54.235,55.48,44.995,47.025,46.83,45.75,46.64,43.62,48.68,48.14
203,27.73,32.825,36.14,36.385,50.11,53.51,51.87,54.64,39.09,51.88,52.29,42.1,55.92,46.05,30.3,44.93,36.06,42.805,47.12,51.39,53.09,54.325,46.91,54.23,55.465,44.99,47.02,46.82,45.75,46.64,43.615,48.67,48.13
204,27.73,32.84,36.16,36.37,50.1,53.49,51.87,54.635,39.09,51.85,52.275,42.1,55.925,46.03,30.28,44.92,36.04,42.795,47.11,51.39,53.08,54.315,46.91,54.225,55.45,44.96,47,46.8,45.745,46.625,43.61,48.66,48.13
205,27.74,32.84,36.16,36.375,50.105,53.5,51.865,54.635,39.09,51.865,52.315,42.12,55.925,46.03,30.285,44.93,36.04,42.79,47.12,51.39,53.08,54.32,46.92,54.23,55.455,44.98,47.02,46.84,45.77,46.66,43.62,48.7,48.15
206,27.75,32.845,36.165,36.34,50.1,53.5,51.855,54.63,39.09,51.85,52.27,42.1,55.91,46.02,30.26,44.905,36.01,42.78,47.11,51.39,53.085,54.32,46.9,54.22,55.445,44.965,46.995,46.8,45.74,46.62,43.61,48.65,48.12
207,27.75,32.85,36.175,36.32,50.095,53.49,51.84,54.605,39.09,51.825,52.26,42.09,55.91,46,30.23,44.9,35.995,42.76,47.105,51.385,53.075,54.31,46.88,54.215,55.42,44.94,46.975,46.79,45.73,46.61,43.605,48.64,48.11
208,27.755,32.87,36.19,36.33,50.08,53.47,51.81,54.58,39.09,51.83,52.25,42.08,55.89,45.99,30.24,44.88,36,42.74,47.085,51.375,53.05,54.28,46.87,54.185,55.4,44.94,46.96,46.78,45.73,46.605,43.605,48.64,48.11
209,27.78,32.875,36.2,36.315,50.07,53.47,51.82,54.59,39.09,51.83,52.26,42.09,55.89,45.99,30.235,44.875,35.99,42.75,47.08,51.37,53.055,54.275,46.875,54.185,55.41,44.935,46.97,46.785,45.73,46.605,43.605,48.64,48.11
210,27.775,32.885,36.2,36.32,50.09,53.47,51.83,54.6,39.09,51.82,52.255,42.08,55.91,45.99,30.24,44.88,35.99,42.755,47.1,51.38,53.07,54.3,46.875,54.21,55.415,44.935,46.96,46.775,45.715,46.6,43.6,48.63,48.1
211,27.79,32.9,36.22,36.29,50.07,53.455,51.77,54.54,39.09,51.785,52.25,42.08,55.87,45.95,30.21,44.845,35.97,42.705,47.08,51.36,53.04,54.27,46.835,54.17,55.365,44.92,46.97,46.775,45.725,46.595,43.6,48.63,48.1
212,27.8,32.91,36.22,36.305,50.08,53.47,51.82,54.59,39.09,51.795,52.235,42.07,55.895,45.98,30.21,44.87,35.975,42.745,47.09,51.38,53.06,54.29,46.86,54.2,55.4,44.92,46.95,46.77,45.71,46.58,43.595,48.615,48.09
213,27.81,32.93,36.225,36.325,50.085,53.48,51.81,54.575,39.09,51.835,52.26,42.085,55.89,45.99,30.245,44.88,36,42.74,47.095,51.37,53.06,54.295,46.87,54.2,55.395,44.94,46.985,46.79,45.73,46.61,43.61,48.64,48.115
214,27.81,32.93,36.23,36.31,50.085,53.47,51.805,54.58,39.09,51.83,52.25,42.085,55.9,45.985,30.23,44.875,35.98,42.735,47.095,51.38,53.06,54.3,46.86,54.195,55.4,44.925,46.96,46.78,45.73,46.6,43.605,48.63,48.11
215,27.83,32.93,36.235,36.325,50.085,53.49,51.82,54.58,39.09,51.81,52.26,42.08,55.895,45.985,30.235,44.88,36,42.74,47.1,51.38,53.06,54.295,46.87,54.2,55.4,44.93,46.96,46.78,45.72,46.6,43.6,48.635,48.11
216,27.85,32.95,36.25,36.3,50.075,53.48,51.81,54.575,39.09,51.815,52.24,42.07,55.89,45.975,30.22,44.87,35.97,42.735,47.09,51.37,53.05,54.28,46.86,54.19,55.385,44.93,46.965,46.775,45.71,46.585,43.6,48.62,48.095
217,27.84,32.95,36.26,36.235,50.05,53.45,51.755,54.53,39.09,51.75,52.2,42.05,55.86,45.915,30.15,44.82,35.91,42.68,47.06,51.355,53.03,54.25,46.82,54.16,55.34,44.88,46.91,46.73,45.69,46.56,43.58,48.59,48.08
218,27.85,32.95,36.26,36.25,50.06,53.455,51.77,54.54,39.09,51.76,52.215,42.07,55.86,45.93,30.17,44.83,35.925,42.69,47.07,51.355,53.035,54.27,46.82,54.155,55.355,44.89,46.92,46.74,45.7,46.575,43.59,48.605,48.09
219,27.855,32.965,36.27,36.265,50.055,53.45,51.77,54.54,39.09,51.78,52.22,42.06,55.87,45.94,30.17,44.835,35.94,42.695,47.065,51.36,53.035,54.26,46.825,54.16,55.36,44.895,46.93,46.74,45.7,46.57,43.59,48.6,48.08
220,27.855,32.97,36.28,36.31,50.05,53.45,51.805,54.57,39.09,51.795,52.235,42.07,55.875,45.975,30.235,44.855,35.98,42.73,47.06,51.36,53.035,54.26,46.855,54.17,55.385,44.92,46.955,46.765,45.71,46.585,43.59,48.62,48.09
221,27.875,32.965,36.28,36.275,50.055,53.45,51.775,54.54,39.09,51.78,52.24,42.07,55.875,45.94,30.195,44.86,35.955,42.705,47.065,51.36,53.035,54.26,46.835,54.17,55.365,44.91,46.945,46.76,45.71,46.59,43.6,48.62,48.1
222,27.87,32.96,36.28,36.27,50.055,53.44,51.775,54.54,39.08,51.78,52.23,42.07,55.86,45.945,30.19,44.845,35.94,42.705,47.06,51.35,53.025,54.255,46.825,54.15,55.36,44.9,46.93,46.76,45.705,46.58,43.595,48.615,48.09
223,27.88,32.98,36.29,36.245,50.06,53.455,51.75,54.515,39.09,51.77,52.21,42.05,55.855,45.9,30.16,44.82,35.92,42.68,47.06,51.35,53.03,54.25,46.81,54.15,55.34,44.89,46.92,46.745,45.695,46.565,43.59,48.6,48.08
224,27.87,32.97,36.3,36.265,50.05,53.425,51.755,54.525,39.09,51.765,52.2,42.04,55.86,45.915,30.17,44.83,35.935,42.68,47.05,51.36,53.03,54.26,46.82,54.17,55.345,44.895,46.92,46.73,45.68,46.545,43.58,48.58,48.07
225,27.89,32.97,36.295,36.275,50.06,53.46,51.765,54.525,39.09,51.755,52.22,42.06,55.88,45.92,30.18,44.835,35.94,42.685,47.07,51.365,53.045,54.26,46.84,54.17,55.33,44.895,46.93,46.75,45.705,46.57,43.59,48.6,48.085
226,27.89,32.985,36.31,36.25,50.05,53.435,51.75,54.52,39.09,51.765,52.2,42.05,55.85,45.92,30.16,44.825,35.92,42.67,47.06,51.35,53.025,54.255,46.8,54.15,55.335,44.89,46.93,46.73,45.68,46.55,43.58,48.58,48.07
227,27.885,32.985,36.3,36.25,50.045,53.43,51.76,54.53,39.09,51.765,52.215,42.055,55.86,45.93,30.17,44.835,35.925,42.69,47.055,51.35,53.015,54.25,46.815,54.15,55.35,44.885,46.92,46.745,45.695,46.565,43.585,48.6,48.07
228,27.905,33,36.32,36.21,50.03,53.42,51.735,54.505,39.09,51.75,52.18,42.035,55.825,45.895,30.135,44.8,35.89,42.665,47.04,51.34,53.01,54.23,46.785,54.125,55.325,44.865,46.9,46.715,45.67,46.53,43.57,48.56,48.055
229,27.91,33.005,36.325,36.245,50.04,53.435,51.735,54.5,39.09,51.755,52.19,42.04,55.84,45.91,30.17,44.82,35.92,42.66,47.05,51.35,53.015,54.25,46.805,54.14,55.32,44.88,46.905,46.725,45.68,46.54,43.58,48.57,48.06
230,27.92,33,36.33,36.25,50.045,53.44,51.75,54.52,39.09,51.775,52.2,42.05,55.85,45.925,30.165,44.815,35.925,42.68,47.05,51.35,53.015,54.245,46.805,54.155,55.345,44.89,46.92,46.73,45.69,46.56,43.58,48.59,48.07
231,27.915,33.01,36.33,36.23,50.045,53.44,51.73,54.5,39.09,51.74,52.19,42.045,55.84,45.92,30.135,44.8,35.91,42.665,47.055,51.34,53.01,54.24,46.79,54.13,55.32,44.87,46.89,46.72,45.685,46.55,43.58,48.585,48.07
232,27.935,33.015,36.34,36.245,50.04,53.43,51.74,54.52,39.09,51.77,52.2,42.05,55.85,45.915,30.16,44.81,35.92,42.67,47.05,51.35,53.02,54.25,46.8,54.15,55.335,44.89,46.915,46.74,45.68,46.545,43.58,48.575,48.06
233,27.92,33.03,36.345,36.19,50.03,53.415,51.71,54.485,39.09,51.705,52.15,42.01,55.82,45.875,30.085,44.77,35.86,42.635,47.04,51.33,52.99,54.22,46.77,54.115,55.3,44.84,46.865,46.685,45.645,46.505,43.57,48.53,48.035
234,27.945,33.04,36.36,36.21,50.03,53.42,51.725,54.49,39.09,51.73,52.18,42.04,55.835,45.89,30.125,44.79,35.885,42.65,47.04,51.34,53,54.24,46.785,54.13,55.305,44.86,46.885,46.71,45.67,46.535,43.58,48.57,48.06
235,27.95,33.03,36.36,36.23,50.025,53.42,51.74,54.515,39.09,51.725,52.17,42.025,55.835,45.895,30.135,44.8,35.9,42.66,47.03,51.34,53,54.23,46.8,54.125,55.325,44.86,46.88,46.7,45.66,46.525,43.57,48.555,48.045
236,27.965,33.06,36.37,36.185,50.03,53.43,51.71,54.485,39.09,51.695,52.17,42.035,55.83,45.865,30.1,44.77,35.86,42.63,47.05,51.335,53.01,54.23,46.77,54.125,55.29,44.84,46.865,46.695,45.67,46.53,43.57,48.565,48.055
237,27.97,33.06,36.38,36.26,50.04,53.43,51.76,54.535,39.09,51.76,52.19,42.04,55.855,45.93,30.175,44.835,35.93,42.69,47.05,51.35,53.02,54.245,46.825,54.15,55.36,44.89,46.91,46.725,45.68,46.54,43.58,48.575,48.07
238,27.99,33.07,36.39,36.245,50.025,53.425,51.73,54.5,39.09,51.755,52.21,42.05,55.84,45.92,30.16,44.81,35.925,42.66,47.03,51.34,53,54.22,46.8,54.13,55.32,44.89,46.91,46.735,45.69,46.56,43.58,48.59,48.07
239,27.99,33.08,36.405,36.22,50.04,53.43,51.715,54.485,39.09,51.74,52.2,42.04,55.84,45.89,30.135,44.8,35.89,42.64,47.05,51.35,53.015,54.23,46.795,54.14,55.305,44.88,46.9,46.725,45.68,46.555,43.58,48.585,48.07
240,27.99,33.08,36.4,36.22,50.035,53.43,51.74,54.51,39.09,51.735,52.18,42.03,55.835,45.905,30.13,44.795,35.895,42.67,47.045,51.34,53.01,54.24,46.795,54.125,55.32,44.86,46.885,46.71,45.66,46.53,43.57,48.57,48.06
241,27.985,33.08,36.4,36.2,50.025,53.41,51.72,54.49,39.09,51.72,52.165,42.03,55.82,45.88,30.105,44.78,35.865,42.64,47.03,51.33,53,54.215,46.775,54.11,55.3,44.85,46.87,46.7,45.66,46.52,43.57,48.55,48.045
242,27.99,33.09,36.41,36.24,50.045,53.44,51.75,54.515,39.09,51.76,52.21,42.05,55.84,45.92,30.145,44.82,35.91,42.68,47.055,51.345,53.015,54.235,46.805,54.135,55.34,44.89,46.92,46.74,45.68,46.56,43.58,48.59,48.07
243,28.01,33.11,36.42,36.225,50.03,53.43,51.725,54.5,39.09,51.735,52.18,42.04,55.83,45.9,30.14,44.79,35.9,42.655,47.04,51.34,53.005,54.22,46.78,54.125,55.31,44.865,46.89,46.715,45.67,46.535,43.58,48.565,48.06
244,28.02,33.11,36.42,36.26,50.05,53.44,51.78,54.545,39.09,51.775,52.21,42.05,55.86,45.955,30.17,44.835,35.935,42.695,47.06,51.355,53.03,54.255,46.825,54.15,55.365,44.89,46.905,46.735,45.69,46.56,43.585,48.595,48.08
245,28.03,33.12,36.43,36.265,50.06,53.44,51.775,54.54,39.09,51.765,52.2,42.05,55.87,45.94,30.17,44.84,35.935,42.7,47.06,51.36,53.03,54.26,46.83,54.155,55.36,44.89,46.915,46.73,45.69,46.56,43.58,48.59,48.07
246,28.04,33.14,36.44,36.285,50.05,53.44,51.785,54.555,39.09,51.785,52.22,42.06,55.87,45.955,30.195,44.86,35.955,42.71,47.06,51.36,53.03,54.25,46.855,54.16,55.375,44.905,46.925,46.745,45.7,46.57,43.59,48.6,48.08
247,28.055,33.15,36.455,36.24,50.02,53.42,51.745,54.51,39.09,51.74,52.205,42.05,55.835,45.905,30.155,44.815,35.91,42.67,47.03,51.33,53,54.225,46.805,54.13,55.325,44.865,46.9,46.725,45.685,46.56,43.58,48.595,48.07
248,28.06,33.16,36.46,36.23,50.04,53.435,51.745,54.51,39.09,51.75,52.185,42.045,55.85,45.91,30.13,44.8,35.895,42.665,47.05,51.35,53.015,54.25,46.8,54.145,55.32,44.875,46.895,46.72,45.675,46.54,43.58,48.58,48.06
249,28.065,33.165,36.47,36.23,50.03,53.42,51.725,54.485,39.09,51.76,52.185,42.04,55.84,45.9,30.14,44.795,35.9,42.655,47.04,51.34,53.005,54.23,46.795,54.135,55.3,44.88,46.91,46.72,45.675,46.535,43.58,48.57,48.06
250,28.08,33.17,36.48,36.23,50.04,53.43,51.73,54.5,39.09,51.735,52.17,42.04,55.85,45.895,30.14,44.815,35.9,42.66,47.045,51.35,53.015,54.245,46.8,54.14,55.315,44.86,46.88,46.705,45.67,46.53,43.575,48.56,48.05
251,28.08,33.18,36.485,36.265,50.04,53.42,51.745,54.51,39.09,51.77,52.23,42.07,55.84,45.925,30.175,44.82,35.935,42.68,47.045,51.35,53.01,54.23,46.81,54.13,55.34,44.9,46.94,46.755,45.71,46.58,43.59,48.61,48.09
252,28.07,33.18,36.49,36.215,50.035,53.42,51.72,54.49,39.09,51.74,52.19,42.04,55.84,45.885,30.115,44.785,35.885,42.655,47.04,51.34,53.01,54.23,46.79,54.13,55.315,44.86,46.89,46.715,45.68,46.54,43.58,48.57,48.06
253,28.085,33.19,36.49,36.205,50.03,53.42,51.715,54.485,39.09,51.73,52.17,42.025,55.83,45.89,30.11,44.78,35.875,42.64,47.04,51.33,53,54.225,46.77,54.12,55.3,44.85,46.875,46.7,45.66,46.53,43.57,48.56,48.05
254,28.09,33.2,36.51,36.22,50.035,53.42,51.745,54.515,39.09,51.75,52.19,42.04,55.835,45.91,30.13,44.795,35.895,42.67,47.045,51.34,53.005,54.235,46.79,54.13,55.33,44.875,46.895,46.715,45.68,46.54,43.58,48.58,48.06
255,28.1,33.2,36.51,36.25,50.05,53.45,51.745,54.515,39.09,51.755,52.21,42.055,55.855,45.935,30.15,44.815,35.925,42.675,47.055,51.35,53.025,54.25,46.805,54.155,55.33,44.89,46.91,46.74,45.695,46.56,43.59,48.59,48.08
256,28.105,33.21,36.52,36.265,50.06,53.445,51.77,54.54,39.09,51.77,52.215,42.07,55.86,45.935,30.17,44.84,35.935,42.695,47.07,51.35,53.04,54.26,46.825,54.16,55.36,44.89,46.93,46.745,45.705,46.575,43.59,48.6,48.085
257,28.12,33.22,36.53,36.235,50.05,53.44,51.735,54.515,39.09,51.76,52.19,42.03,55.85,45.915,30.145,44.81,35.905,42.665,47.06,51.35,53.02,54.25,46.8,54.15,55.31,44.88,46.905,46.72,45.67,46.545,43.57,48.58,48.06
258,28.12,33.22,36.53,36.31,50.07,53.47,51.82,54.58,39.09,51.815,52.225,42.07,55.89,45.99,30.22,44.88,35.98,42.75,47.085,51.37,53.05,54.29,46.86,54.195,55.405,44.93,46.95,46.76,45.705,46.58,43.59,48.61,48.09
259,28.125,33.22,36.54,36.275,50.07,53.46,51.78,54.545,39.09,51.795,52.23,42.065,55.875,45.94,30.19,44.84,35.95,42.7,47.08,51.36,53.045,54.29,46.84,54.18,55.36,44.91,46.95,46.755,45.7,46.57,43.59,48.605,48.09
260,28.125,33.23,36.545,36.295,50.075,53.47,51.81,54.58,39.09,51.8,52.25,42.075,55.88,45.965,30.2,44.865,35.965,42.73,47.08,51.37,53.05,54.28,46.865,54.19,55.39,44.915,46.955,46.775,45.72,46.6,43.6,48.635,48.105
261,28.14,33.23,36.545,36.325,50.09,53.49,51.84,54.605,39.09,51.84,52.27,42.085,55.915,46.005,30.24,44.89,35.995,42.77,47.1,51.39,53.075,54.31,46.89,54.225,55.43,44.95,46.985,46.795,45.73,46.61,43.61,48.64,48.11
262,28.15,33.255,36.56,36.33,50.1,53.5,51.85,54.62,39.09,51.83,52.27,42.09,55.92,46.01,30.235,44.9,36,42.775,47.11,51.39,53.085,54.315,46.9,54.22,55.44,44.945,46.985,46.8,45.735,46.62,43.61,48.65,48.12
263,28.15,33.25,36.57,36.37,50.115,53.52,51.87,54.64,39.09,51.89,52.3,42.11,55.94,46.04,30.295,44.92,36.045,42.79,47.12,51.4,53.1,54.345,46.92,54.25,55.46,44.98,47.02,46.83,45.76,46.64,43.62,48.68,48.14
264,28.17,33.26,36.57,36.42,50.14,53.54,51.925,54.69,39.09,51.92,52.315,42.12,55.97,46.1,30.34,44.98,36.09,42.85,47.16,51.42,53.125,54.37,46.965,54.29,55.51,45.005,47.05,46.84,45.765,46.66,43.62,48.695,48.155
265,28.18,33.27,36.59,36.43,50.15,53.555,51.93,54.695,39.09,51.93,52.345,42.14,55.98,46.095,30.35,44.99,36.1,42.855,47.16,51.43,53.14,54.38,46.98,54.29,55.515,45.03,47.08,46.865,45.8,46.69,43.635,48.72,48.17
266,28.18,33.28,36.6,36.45,50.145,53.56,51.935,54.705,39.09,51.955,52.37,42.16,55.97,46.12,30.375,45.005,36.125,42.875,47.155,51.42,53.13,54.38,46.975,54.28,55.52,45.04,47.095,46.89,45.81,46.705,43.65,48.745,48.19
267,28.19,33.295,36.6,36.45,50.175,53.58,51.945,54.71,39.09,51.95,52.37,42.155,56.005,46.13,30.37,45.005,36.13,42.88,47.185,51.44,53.16,54.41,46.995,54.315,55.53,45.05,47.095,46.895,45.815,46.71,43.645,48.75,48.19
268,28.21,33.3,36.61,36.495,50.195,53.6,51.99,54.755,39.09,51.98,52.385,42.165,56.03,46.16,30.41,45.045,36.17,42.92,47.21,51.46,53.18,54.43,47.04,54.34,55.57,45.07,47.13,46.915,45.82,46.72,43.65,48.76,48.2
269,28.215,33.31,36.62,36.52,50.2,53.625,52.01,54.77,39.09,52.01,52.4,42.175,56.04,46.185,30.435,45.08,36.19,42.94,47.22,51.46,53.19,54.445,47.06,54.355,55.59,45.09,47.145,46.925,45.84,46.74,43.655,48.78,48.21
270,28.23,33.32,36.64,36.55,50.2,53.615,52.03,54.79,39.09,52.025,52.43,42.2,56.03,46.195,30.475,45.09,36.22,42.96,47.21,51.46,53.19,54.445,47.065,54.35,55.62,45.115,47.17,46.95,45.86,46.77,43.67,48.8,48.23
271,28.24,33.33,36.64,36.59,50.24,53.66,52.085,54.85,39.09,52.065,52.45,42.21,56.09,46.24,30.515,45.14,36.26,43.02,47.25,51.49,53.24,54.5,47.13,54.42,55.675,45.135,47.195,46.97,45.87,46.78,43.67,48.82,48.245
272,28.26,33.34,36.655,36.56,50.22,53.645,52.04,54.8,39.09,52.05,52.44,42.2,56.07,46.22,30.48,45.09,36.235,42.97,47.23,51.48,53.215,54.47,47.08,54.395,55.63,45.125,47.19,46.965,45.86,46.775,43.67,48.815,48.24
273,28.26,33.36,36.66,36.59,50.22,53.64,52.08,54.835,39.09,52.07,52.455,42.21,56.085,46.245,30.515,45.135,36.255,43.02,47.24,51.49,53.215,54.48,47.11,54.405,55.665,45.145,47.205,46.98,45.88,46.79,43.68,48.83,48.25
274,28.275,33.36,36.67,36.56,50.22,53.635,52.05,54.81,39.09,52.045,52.45,42.21,56.07,46.215,30.49,45.115,36.23,42.98,47.23,51.48,53.21,54.47,47.085,54.39,55.63,45.13,47.19,46.975,45.87,46.785,43.675,48.825,48.25
275,28.28,33.37,36.675,36.58,50.24,53.65,52.075,54.835,39.09,52.07,52.455,42.21,56.08,46.235,30.51,45.13,36.25,43.01,47.25,51.485,53.225,54.48,47.115,54.405,55.665,45.14,47.2,46.98,45.875,46.785,43.68,48.825,48.245
276,28.3,33.39,36.69,36.58,50.24,53.66,52.07,54.84,39.09,52.06,52.47,42.22,56.08,46.24,30.51,45.12,36.24,43.01,47.25,51.49,53.23,54.5,47.11,54.41,55.66,45.15,47.21,46.99,45.88,46.8,43.68,48.84,48.26
277,28.31,33.41,36.71,36.65,50.26,53.69,52.125,54.89,39.09,52.11,52.49,42.24,56.12,46.305,30.57,45.18,36.315,43.055,47.275,51.51,53.26,54.53,47.16,54.455,55.715,45.18,47.25,47.02,45.91,46.82,43.69,48.865,48.27
278,28.33,33.42,36.72,36.65,50.27,53.69,52.14,54.9,39.09,52.11,52.51,42.24,56.12,46.3,30.58,45.19,36.32,43.08,47.28,51.51,53.26,54.53,47.18,54.45,55.72,45.19,47.26,47.03,45.91,46.84,43.7,48.88,48.29
279,28.34,33.44,36.73,36.66,50.26,53.69,52.11,54.88,39.09,52.14,52.52,42.26,56.12,46.29,30.59,45.19,36.32,43.05,47.28,51.51,53.26,54.53,47.16,54.45,55.7,45.2,47.26,47.04,45.93,46.85,43.7,48.9,48.3
280,28.36,33.45,36.74,36.7,50.29,53.73,52.19,54.96,39.09,52.17,52.54,42.27,56.16,46.37,30.63,45.25,36.36,43.13,47.31,51.53,53.29,54.57,47.23,54.49,55.79,45.23,47.31,47.06,45.94,46.87,43.71,48.91,48.31
281,28.37,33.47,36.76,36.73,50.3,53.73,52.18,54.94,39.09,52.18,52.55,42.28,56.16,46.37,30.66,45.24,36.39,43.13,47.31,51.54,53.3,54.58,47.22,54.49,55.77,45.25,47.32,47.07,45.95,46.88,43.71,48.92,48.32
282,28.39,33.48,36.77,36.72,50.32,53.75,52.21,54.97,39.09,52.18,52.55,42.28,56.18,46.38,30.65,45.26,36.39,43.15,47.33,51.55,53.32,54.59,47.24,54.51,55.8,45.25,47.32,47.08,45.95,46.88,43.72,48.93,48.32
283,28.39,33.49,36.78,36.75,50.32,53.74,52.23,54.98,39.09,52.21,52.58,42.29,56.18,46.39,30.68,45.28,36.42,43.17,47.33,51.55,53.32,54.6,47.26,54.52,55.81,45.26,47.34,47.1,45.97,46.9,43.72,48.94,48.33
284,28.42,33.5,36.8,36.75,50.33,53.76,52.22,54.97,39.09,52.22,52.59,42.3,56.19,46.4,30.69,45.28,36.43,43.16,47.34,51.55,53.32,54.6,47.25,54.53,55.81,45.27,47.35,47.11,45.97,46.91,43.72,48.96,48.34
285,28.43,33.52,36.81,36.79,50.34,53.77,52.26,55.02,39.09,52.26,52.62,42.32,56.21,46.44,30.72,45.31,36.46,43.2,47.36,51.57,53.34,54.62,47.29,54.55,55.85,45.3,47.38,47.13,46,46.94,43.74,48.98,48.36
286,28.43,33.52,36.82,36.82,50.36,53.79,52.28,55.03,39.09,52.28,52.62,42.32,56.24,46.47,30.76,45.34,36.49,43.22,47.37,51.58,53.36,54.65,47.31,54.59,55.87,45.32,47.39,47.14,45.99,46.94,43.74,48.98,48.36
287,28.45,33.54,36.83,36.82,50.36,53.8,52.29,55.05,39.09,52.29,52.63,42.33,56.25,46.47,30.76,45.35,36.49,43.23,47.38,51.59,53.37,54.66,47.33,54.59,55.88,45.32,47.4,47.15,46.01,46.95,43.74,48.99,48.37
